type,name,full_name,isin,haircut,value
etf,GILT5YBEES,,INF204KC1030,12.5,87.5
etf,ICICILIQ,,INF109KC1KT9,8,92
etf,LICNETFGSC,,INF767K01MV5,8,92
etf,LIQUIDBEES,,INF732E01037,8,92
etf,LIQUIDETF,,INF740KA1EU7,8,92
etf,LTGILTBEES,,INF204KB1882,8,92
etf,MOGSEC,,INF247L01AK4,12.5,87.5
etf,SETF10GILT,,INF200KA1JT1,12.5,87.5
mf,CPD1R,UTI LIQUID CASH PLAN-DIRECT DAILY DIVIDEND PLAN-IDCW REINVESTMENT,INF789F01XP8,10,90
mf,CPD2G,UTI LIQUID CASH PLAN-DIRECT GROWTH,INF789F01XQ6,10,90
mf,CPD6D,UTI LIQUID CASH PLAN-DIRECT QUARTERLY DIVIDEND PLAN-IDCW PAYOUT,INF789FA1K22,10,90
mf,CPD6R,UTI LIQUID CASH PLAN-DIRECT QUARTERLY DIVIDEND PLAN-IDCW REINVESTMENT,INF789FA1K30,10,90
mf,CPFTD,UTI LIQUID CASH PLAN-REGULAR FORTNIGHTLY DIVIDEND PLAN-IDCW PAYOUT,INF789FA1J09,10,90
mf,CPFTR,UTI LIQUID CASH PLAN-REGULAR FORTNIGHTLY DIVIDEND PLAN-IDCW REINVESTMENT,INF789FA1J17,10,90
mf,IPRU8095,ICICI PRUDENTIAL LIQUID FUND - DIRECT PLAN - DAILY IDCW REINVESTMENT,INF109K01Q15,10,90
mf,IPRU8096,ICICI PRUDENTIAL LIQUID FUND - DIRECT PLAN - GROWTH,INF109K01Q49,10,90
mf,IPRU8098,ICICI PRUDENTIAL LIQUID FUND - DIRECT PLAN - WEEKLY IDCW REINVESTMENT,INF109K01Q98,10,90
mf,IPRU8101,ICICI PRUDENTIAL MONEY MARKET FUND - DIRECT PLAN - GROWTH,INF109K01R14,10,90
mf,IPRU8103,ICICI PRUDENTIAL MONEY MARKET FUND - DIRECT PLAN - WEEKLY IDCW REINVESTMENT,INF109K01R89,10,90
mf,LNT125,L&T MONEY MARKET FUND - DAILY IDCW REINVESTENT PLAN,INF917K01AY5,10,90
mf,MMD1R,UTI MONEY MARKET FUND-DIRECT DAILY DIVIDEND PLAN-IDCW REINVESTMENT,INF789F01XU8,10,90
mf,MMD2G,UTI MONEY MARKET FUND-DIRECT GROWTH,INF789F01XV6,10,90
mf,MMD6D,UTI MONEY MARKET FUND-DIRECT QUARTERLY DIVIDEND PLAN-IDCW PAYOUT,INF789FA1M61,10,90
mf,MMD6R,UTI MONEY MARKET FUND-DIRECT QUARTERLY DIVIDEND PLAN-IDCW REINVESTMENT,INF789FA1M79,10,90
mf,QMFLFDDR,QUANTUM LIQUID FUND - DIRECT PLAN DAILY IDCW REINVESTMENT OPTION,INF082J01135,10,90
mf,QMFLFGPG,QUANTUM LIQUID FUND - DIRECT PLAN GROWTH OPTION,INF082J01127,10,90
mf,QMFLFMDP,QUANTUM LIQUID FUND - DIRECT PLAN MONTHLY IDCW PAYOUT OPTION,INF082J01143,10,90
mf,QMFLFMDR,QUANTUM LIQUID FUND - DIRECT PLAN MONTHLY IDCW REINVESTMENT OPTION,INF082J01200,10,90
mf,RELGILDPDM,NIPPON INDIA GILT SECURITIES FUND DIRECT PLAN DEFINED MATURITY DATE OPTION GROWTH,INF204K01E88,10,90
mf,SODGGR,SUNDARAM OVERNIGHT FUND DIRECT GROWTH,INF903JA1HG5,10,90
mf,SORGGR,SUNDARAM OVERNIGHT FUND REGULAR GROWTH,INF903JA1GZ7,10,90
mf,153L,L&T LIQUID FUND - REGULAR WEEKLY IDCW PAYOUT,INF917K01JG3,10,90
mf,154L,L&T LIQUID FUND - REGULAR GROWTH,INF917K01JH1,10,90
mf,154LD,L&T LIQUID FUND DIRECT PLAN - GROWTH,INF917K01HF9,10,90
mf,157D,ADITYA BIRLA SUN LIFE OVERNIGHT FUND - DIRECT PLAN - MONTHLY IDCW PAYOUT,INF209KB1ZL4,10,90
mf,157G,ADITYA BIRLA SUN LIFE OVERNIGHT FUND - REGULAR PLAN - GROWTH,INF209KB1ZC3,10,90
mf,157WD,ADITYA BIRLA SUN LIFE OVERNIGHT FUND - REGULAR PLAN - WEEKLY IDCW REINVESTMENT,INF209KB1ZE9,10,90
mf,157Z,ADITYA BIRLA SUN LIFE OVERNIGHT FUND - DIRECT PLAN - GROWTH,INF209KB1ZH2,10,90
mf,54L,L&T LIQUID FUND - REGULAR DAILY IDCW REINVESTENT PLAN,INF917K01JB4,10,90
mf,AXISCFDD,AXIS LIQUID FUND - REGULAR DAILY IDCW REINVESTMENT,INF846K01420,10,90
mf,AXISCFDG,AXIS LIQUID FUND - DIRECT GROWTH,INF846K01CX4,10,90
mf,AXISCFDM,AXIS LIQUID FUND - DIRECT PLAN - MONTHLY IDCW PAYOUT,INF846K01CY2,10,90
mf,AXISCFDM,AXIS LIQUID FUND - DIRECT PLAN - MONTHLY IDCW REINVESTMENT,INF846K01CZ9,10,90
mf,AXISCFDP,AXIS LIQUID FUND - REGULAR MONTHLY IDCW PAYOUT,INF846K01453,10,90
mf,AXISCFDP,AXIS LIQUID FUND - REGULAR MONTHLY IDCW REINVESTMENT,INF846K01461,10,90
mf,AXISCFDR,AXIS LIQUID FUND - DIRECT PLAN - DAILY IDCW REINVESTMENT,INF846K01DA0,10,90
mf,AXISCFDW,AXIS LIQUID FUND - DIRECT PLAN - WEEKLY IDCW PAYOUT,INF846K01DB8,10,90
mf,AXISCFDW,AXIS LIQUID FUND - DIRECT PLAN - WEEKLY IDCW REINVESTMENT,INF846K01DC6,10,90
mf,AXISCFGP,AXIS LIQUID FUND - REGULAR GROWTH,INF846K01412,10,90
mf,AXISCFWD,AXIS LIQUID FUND - REGULAR WEEKLY IDCW PAYOUT,INF846K01438,10,90
mf,AXISCFWD,AXIS LIQUID FUND - REGULAR WEEKLY IDCW REINVESTMENT,INF846K01446,10,90
mf,AXISMDGP,AXIS MONEY MARKET FUND DIRECT GROWTH,INF846K01Q62,10,90
mf,AXISMMGPG,AXIS MONEY MARKET FUND REGULAR GROWTH,INF846K01R46,10,90
mf,AXISONDDR,AXIS OVERNIGHT FUND REGULAR DAILY IDCW REINVESTMENT,INF846K01O56,10,90
mf,AXISONDGG,AXIS OVERNIGHT FUND DIRECT PLAN - GROWTH,INF846K01N65,10,90
mf,AXISONGPG,AXIS OVERNIGHT FUND REGULAR PLAN - GROWTH,INF846K01O23,10,90
mf,B151GZ,ADITYA BIRLA SUN LIFE MONEY MANAGER FUND - GROWTH-DIRECT PLAN,INF209K01UU3,10,90
mf,B151IG,ADITYA BIRLA SUN LIFE MONEY MANAGER FUND - GROWTH-REGULAR PLAN,INF209K01RV7,10,90
mf,B153DZ,ADITYA BIRLA SUN LIFE LIQUID FUND - DAILY IDCW REINVESTMENT-DIRECT PLAN,INF209K01UZ2,10,90
mf,B153G,ADITYA BIRLA SUN LIFE LIQUID FUND REGULAR PLAN - GROWTH,INF209K01RU9,10,90
mf,B153GZ,ADITYA BIRLA SUN LIFE LIQUID FUND DIRECT PLAN - GROWTH,INF209K01VA3,10,90
mf,B153WZ,ADITYA BIRLA SUN LIFE LIQUID FUND - WEEKLY IDCW PAYOUT - DIRECT PLAN,INF209K01VC9,10,90
mf,B153Z,ADITYA BIRLA SUN LIFE LIQUID FUND - DIRECT PLAN-IDCW PAYOUT,INF209K01VD7,10,90
mf,B402AZ,ADITYA BIRLA SUN LIFE GOVERNMENT SECURITIES FUND- GROWTH-DIRECT PLAN,INF209K01XP7,10,90
mf,B403DZ,ADITYA BIRLA SUN LIFE GOVERNMENT SECURITIES FUND- QUARTERLY DIRECT PLAN-IDCW PAYOUT,INF209KA1LC4,10,90
mf,B501G,ADITYA BIRLA SUN LIFE LIQUID FUND RETAIL GROWTH,INF209K01ME4,10,90
mf,BOILFRDR,BANK OF INDIA LIQUID FUND - REGULAR PLAN - DAILY IDCW REINVESTMENT,INF761K01CO4,10,90
mf,BOILFRGG,BANK OF INDIA LIQUID FUNDREGULAR PLAN - GROWTH,INF761K01306,10,90
mf,BPLFG,BARODA BNP PARIBAS LIQUID FUND PLAN A - GROWTH,INF955L01484,10,90
mf,BPMFLFD1,BARODA BNP PARIBAS LIQUID FUND PLAN B DAILY IDCW REINVESTMENT,INF955L01AK2,10,90
mf,BPMFLFD2,BARODA BNP PARIBAS LIQUID FUND PLAN B GROWTH,INF955L01AL0,10,90
mf,BPMFOFD1,BARODA BNP PARIBAS OVERNIGHT FUND DIRECT PLAN DAILY IDCW REINVESTMENT,INF955L01HW2,10,90
mf,BSL402AG,ADITYA BIRLA SUN LIFE GOVERNMENT SECURITIES FUND-GROWTH,INF209K01AC3,10,90
mf,BSL402IG,ADITYA BIRLA SUN LIFE GOVERNMENT SECURITIES FUND-INSTANT GAIN-GROWTH,INF209K01AD1,10,90
mf,BSL403QD,ADITYA BIRLA SUN LIFE GOVERNMENT SECURITIES FUND-QUARTERLY IDCW PAYOUT,INF209K01AF6,10,90
mf,BSL403QD,ADITYA BIRLA SUN LIFE GOVERNMENT SECURITIES FUND-QUARTERLY IDCW REINVESTMENT,INF209K01DP9,10,90
mf,CPIDR,UTI LIQUID CASH PLAN-REGULAR DAILY DIVIDEND PLAN-IDCW REINVESTMENT,INF789F01PG3,10,90
mf,CPIGG,UTI LIQUID CASH PLAN - REGULAR GROWTH,INF789F01PH1,10,90
mf,CPIMD,UTI LIQUID CASH PLAN-REGULAR MONTHLY DIVIDEND PLAN-IDCW PAYOUT,INF789F01PI9,10,90
mf,CPIMR,UTI LIQUID CASH PLAN-REGULAR MONTHLY DIVIDEND PLAN-IDCW REINVESTMENT,INF789F01PJ7,10,90
mf,CPIWR,UTI LIQUID CASH PLAN-REGULAR WEEKLY DIVIDEND PLAN-IDCW REINVESTMENT,INF789F01PK5,10,90
mf,CRLIDD,CANARA ROBECO LIQUID FUND DIRECT DAILY - IDCW REINVESTMENT,INF760K01FS0,10,90
mf,CRLIDG,CANARA ROBECO LIQUID FUND DIRECT GROWTH,INF760K01FU6,10,90
mf,CRLISDR,CANARA ROBECO LIQUID FUND REGULAR DAILY - IDCW REINVESTMENT,INF760K01CU3,10,90
mf,CRLISGG,CANARA ROBECO LIQUID FUND REGULAR GROWTH,INF760K01CW9,10,90
mf,DSPBRLIGF,DSP LIQUIDITY FUND - GROWTH,INF740K01FK9,10,90
mf,DSPBRTBF,DSP SAVINGS FUND - GROWTH,INF740K01714,10,90
mf,DSPLQDGR,DSP LIQUIDITY FUND - DIRECT PLAN - GROWTH,INF740K01QL4,10,90
mf,DSPONDGR,DSP OVERNIGHT FUND - DIRECT PLAN - GROWTH,INF740KA1MC8,10,90
mf,DSPONRGR,DSP OVERNIGHT FUND - REGULAR PLAN - GROWTH,INF740KA1MB0,10,90
mf,DSPTREDGR,DSP SAVINGS FUND - DIRECT PLAN - GROWTH,INF740K01NU2,10,90
mf,EMFLIQDDDR,EDELWEISS LIQUID FUND - DIRECT PLAN DAILY IDCW REINVESTMENT,INF754K01GP7,10,90
mf,EMFLIQDGP,EDELWEISS LIQUID FUND - DIRECT PLAN GROWTH OPTION,INF754K01GM4,10,90
mf,EMFLIQDRGR,EDELWEISS LIQUID FUND - REGULAR PLAN GROWTH - GROWTH,INF754K01GZ6,10,90
mf,EMFONFDRGP,EDELWEISS OVERNIGHT FUND - DIRECT PLAN - GROWTH,INF754K01JV9,10,90
mf,EMFONFRGGP,EDELWEISS OVERNIGHT FUND - REGULAR PLAN - GROWTH,INF754K01KE3,10,90
mf,FILFDSIPDD,FRANKLIN INDIA LIQUID FUND - SUPER INSTITUTIONAL PLAN - DIRECT DAILY IDCW REINVESTMENT,INF090I01JW0,10,90
mf,FILFDSIPDP,FRANKLIN INDIA LIQUID FUND - SUPER INSTITUTIONAL PLAN - DIRECT WEEKLY IDCW PAYOUT,INF090I01JX8,10,90
mf,FILFDSIPDP,FRANKLIN INDIA LIQUID FUND - SUPER INSTITUTIONAL PLAN - DIRECT WEEKLY IDCW PAYOUT,INF090I01JY6,10,90
mf,FILFDSIPGP,FRANKLIN INDIA LIQUID FUND - SUPER INSTITUTIONAL PLAN - DIRECT -GROWTH,INF090I01JV2,10,90
mf,FILFGP,FRANKLIN INDIA LIQUID FUND - REGULAR PLAN - GROWTH,INF090I01BB1,10,90
mf,FILFSIPGP,FRANKLIN INDIA LIQUID FUND - SUPER INSTITUTIONAL PLAN-GROWTH,INF090I01BG0,10,90
mf,FILFSIPWDP,FRANKLIN INDIA LIQUID FUND - SUPER INSTITUTIONAL PLAN WEEKLY IDCW PAYOUT,INF090I01BM8,10,90
mf,FILFSIPWDP,FRANKLIN INDIA LIQUID FUND - SUPER INSTITUTIONAL PLAN-WEEKLY IDCW REINVESTMENT,INF090I01BH8,10,90
mf,FILFWDP,FRANKLIN INDIA LIQUID FUND - REGULAR PLAN WEEKLY IDCW PAYOUT,INF090I01BI6,10,90
mf,FLDGP,FRANKLIN INDIA SAVINGS FUND RETAIL OPTION - DIRECT GROWTH,INF090I01GV8,10,90
mf,FLDP,FRANKLIN INDIA SAVINGS FUND RETAIL OPTION QUARTERLY IDCW PAYOUT,INF090I01BZ0,10,90
mf,FLDR,FRANKLIN INDIA SAVINGS FUND RETAIL OPTION QUARTERLY IDCW PAYOUT,INF090I01BY3,10,90
mf,FLGP,FRANKLIN INDIA SAVINGS FUND RETAIL OPTION-GROWTH,INF090I01CA1,10,90
mf,FLMDP,FRANKLIN INDIA SAVINGS FUND RETAIL OPTION-MONTHLY IDCW PAYOUT,INF090I01LA2,10,90
mf,FLMDR,FRANKLIN INDIA SAVINGS FUND RETAIL OPTION-MONTHLY IDCW PAYOUT,INF090I01LB0,10,90
mf,GEDDR,UTI OVERNIGHT FUND - DAILY IDCW REINVESTMENT OPTION PLAN,INF789FB1T13,10,90
mf,H53TGR,HDFC MONEY MARKET FUND - DIRECT PLAN - GROWTH,INF179KB1HU9,10,90
mf,H57TGR,HDFC OVERNIGHT FUND DIRECT PLAN - GROWTH,INF179KB1HT1,10,90
mf,HDFCGLD,HDFC GILT FUND - REGULAR PLAN - IDCW PAYOUT,INF179K01772,10,90
mf,HDFCGLDR,HDFC GILT FUND - REGULAR PLAN - IDCW REINVESTMENT REINVESTMENT,INF179K01764,10,90
mf,HDFCGLG,HDFC GILT FUND - REGULAR PLAN- GROWTH,INF179K01756,10,90
mf,HGLDRTDR,HDFC GILT FUND - DIRECT PLAN - IDCW REINVESTMENT OPTION REINVESTMENT,INF179K01VT8,10,90
mf,HGLDTDP,HDFC GILT FUND - DIRECT PLAN - IDCW PAYOUT,INF179K01VR2,10,90
mf,HGLGTGR,HDFC GILT FUND - DIRECT PLAN - GROWTH OPTION,INF179K01VS0,10,90
mf,HLFDDR,HDFC LIQUID FUND - IDCW - DAILY REINVESTMENT,INF179KB1IC5,10,90
mf,HLFDMTDP,HDFC LIQUID FUND - DIRECT PLAN - MONTHLY IDCW PAYOUT OPTION,INF179KB1HO2,10,90
mf,HLFGTGR,HDFC LIQUID FUND - DIRECT PLAN - GROWTH OPTION,INF179KB1HP9,10,90
mf,HLFMRTDR,HDFC LIQUID FUND - DIRECT PLAN - MONTHLY IDCW REINVESTMENT OPTION,INF179KB1HQ7,10,90
mf,HLQD53,HDFC MONEY MARKET FUND - REGULAR PLAN - GROWTH,INF179KB1HR5,10,90
mf,HLQD57,HDFC OVERNIGHT FUND REGULAR PLAN - GROWTH,INF179KB1HS3,10,90
mf,HLQDLFDM,HDFC LIQUID FUND - MONTHLY IDCW PAYOUT,INF179KB1HM6,10,90
mf,HLQDLFDMR,HDFC LIQUID FUND - MONTHLY IDCW REINVESTMENT,INF179KB1HL8,10,90
mf,HLQDLFG,HDFC LIQUID FUND - GROWTH,INF179KB1HK0,10,90
mf,IDDFRDDR,IDFC MONEY MANAGER FUND-DAILY IDCW REINVESTMENT-(DIRECT PLAN),INF194K01M98,10,90
mf,IDFC295,IDFC GOVERNMENT SECURITIES FUND - INVESTMENT PLAN- PERIODIC (REGULAR PLAN)-IDCW PAYOUT,INF194KA1RW6,10,90
mf,IDFC295R,IDFC GOVERNMENT SECURITIES FUND INVESTMENT PLAN-REGULAR PLAN -PERIODIC IDCW REINVESTMENT,INF194KA1RX4,10,90
mf,IDFC86,IDFC GOVERNMENT SECURITIES FUND- INVESTMENT PLAN-REGULAR PLAN-GROWTH,INF194K01DZ2,10,90
mf,IDFCD86,IDFC GOVERNMENT SECURITIES FUND-INVESTMENT PLAN-GROWTH-(DIRECT PLAN),INF194K01Q29,10,90
mf,IDFCDFCCD,IDFC CASH FUND-DAILY IDCW REINVESTMENT-(DIRECT PLAN),INF194K01I78,10,90
mf,IDFCDFCCG,IDFC CASH FUND-GROWTH-(DIRECT PLAN),INF194K01I60,10,90
mf,IDFCDFRG,IDFC MONEY MANAGER FUND-GROWTH-(DIRECT PLAN),INF194K01M80,10,90
mf,IDFCFCCD,IDFC CASH FUND - DAILY IDCW REINVESTMENT - REGULAR,INF194K01VY7,10,90
mf,IDFCFCCG,IDFC CASH FUND -REGULAR PLAN-GROWTH,INF194K01VX9,10,90
mf,IDFCFCCM,IDFC CASH FUND - MONTHLY - IDCW REINVESTMENT,INF194K01WF4,10,90
mf,IDFCFCCMR,IDFC CASH FUND - MONTHLY - IDCW REINVESTMENT,INF194K01WE7,10,90
mf,IDFCFCCW,IDFC CASH FUND -WEEKLY-IDCW REINVESTMENT,INF194K01WH0,10,90
mf,IDFCFRG,IDFC MONEY MANAGER FUND -REGULAR PLAN-GROWTH,INF194K01LJ9,10,90
mf,IDFCFRW,IDFC MONEY MANAGER FUND-WEEKLY-IDCW REINVESTMENT,INF194K01LQ4,10,90
mf,IDFCONF,IDFC OVERNIGHT FUND REGULAR PLAN-GROWTH,INF194KB1314,10,90
mf,IDFCONFDG,IDFC OVERNIGHT FUND DIRECT PLAN-GROWTH,INF194KB1447,10,90
mf,IDGIF2027G,IDFC CRISIL GILT 2027 INDEX FUND REGULAR PLAN-GROWTH,INF194KB1BL2,10,90
mf,IDGIF2028G,IDFC CRISIL GILT 2028 INDEX FUND REGULAR PLAN-GROWTH,INF194KB1BS7,10,90
mf,IDLFD1R,IDBI LIQUID FUNDDIRECT PLAN - DAILY IDCW REINVESTMENT,INF397L01AI1,10,90
mf,IDLFG1,IDBI LIQUID FUND-DIRECT PLAN - GROWTH-GROWTH,INF397L01AH3,10,90
mf,IDLFM1D,IDBI LIQUID FUND-DIRECT PLAN - MONTHLY IDCW PAYOUT,INF397L01AK7,10,90
mf,IDLFM1R,IDBI LIQUID FUND-DIRECT PLAN - MONTHLY IDCW REINVESTMENT,INF397L01AJ9,10,90
mf,IGIF2027DG,IDFC CRISIL GILT 2027 INDEX FUND DIRECT PLAN-GROWTH,INF194KB1BP3,10,90
mf,IGIF2028DG,IDFC CRISIL GILT 2028 INDEX FUND DIRECT PLAN-GROWTH,INF194KB1BV1,10,90
mf,IMFCOD1GR,INVESCO INDIA MONEY MARKET FUND - DIRECT PLAN GROWTH,INF205K01RY9,10,90
mf,IMFLFSDDR,INVESCO INDIA LIQUID FUND-DAILY IDCW REINVESTMENT,INF205K01HN3,10,90
mf,IMFONDRDRD,INVESCO INDIA OVERNIGHT FUND-REGULAR -GROWTH,INF205KA1114,10,90
mf,IMFONFRGDR,INVESCO INDIA OVERNIGHT FUND-DIRECT-GROWTH,INF205KA1163,10,90
mf,IP54P,ICICI PRUDENTIAL GILT FUND - IDCW PAYOUT,INF109K01JQ6,10,90
mf,IPRU1564,ICICI PRUDENTIAL LIQUID FUND - DAILY IDCW REINVESTMENT,INF109K01VP3,10,90
mf,IPRU1565,ICICI PRUDENTIAL LIQUID FUND - GROWTH,INF109K01VQ1,10,90
mf,IPRU1567,ICICI PRUDENTIAL LIQUID FUND - WEEKLY IDCW REINVESTMENT,INF109K01VS7,10,90
mf,IPRU1571,ICICI PRUDENTIAL MONEY MARKET FUND - GROWTH,INF109K01TX1,10,90
mf,IPRU1573,ICICI PRUDENTIAL MONEY MARKET FUND - WEEKLY IDCW REINVESTMENT,INF109K01TZ6,10,90
mf,IPRU1780,ICICI PRUDENTIAL LIQUID FUND - IDCW PAYOUT,INF109K01VT5,10,90
mf,IPRU1780P,ICICI PRUDENTIAL LIQUID FUND - IDCW PAYOUT,INF109K01VU3,10,90
mf,IPRU3223,ICICI PRUDENTIAL OVERNIGHT FUND GROWTH,INF109KC17E3,10,90
mf,IPRU53,ICICI PRUDENTIAL GILT FUND - GROWTH,INF109K01JR4,10,90
mf,IPRU54,ICICI PRUDENTIAL GILT FUND - IDCW PAYOUT,INF109K01JP8,10,90
mf,IPRU8015,ICICI PRUDENTIAL GILT FUND - DIRECT PLAN - GROWTH,INF109K018C5,10,90
mf,IPRU8016,ICICI PRUDENTIAL GILT FUND - DIRECT PLAN - IDCW PAYOUT,INF109K017C7,10,90
mf,IPRU8016P,ICICI PRUDENTIAL GILT FUND - DIRECT PLAN - IDCW PAYOUT,INF109K016C9,10,90
mf,IPRU9425,ICICI PRUDENTIAL OVERNIGHT FUND DIRECT PLAN GROWTH,INF109KC11G1,10,90
mf,JAIGR,EDELWEISS MONEY MARKET FUND - INSTITUTIONAL PLAN - GROWTH OPTION,INF843K01377,10,90
mf,JARDI,EDELWEISS MONEY MARKET FUND - REGULAR PLAN - IDCW PAYOUT,INF843K01351,10,90
mf,JARDI,EDELWEISS MONEY MARKET FUND - REGULAR PLAN - IDCW REINVESTMENT,INF843K01369,10,90
mf,JARGR,EDELWEISS MONEY MARKET FUND - REGULAR PLAN - GROWTH OPTION,INF843K01344,10,90
mf,JMLFDG,JM LIQUID FUND (DIRECT) - GROWTH OPTION,INF192K01CM6,10,90
mf,JMLFRG,JM LIQUID FUND - GROWTH OPTION,INF192K01882,10,90
mf,KFLRG,KOTAK MONEY MARKET FUND - GROWTH,INF174K01NA6,10,90
mf,KFLRG252D,KOTAK MONEY MARKET FUND - DIRECT PLAN - GROWTH,INF174K01MW2,10,90
mf,KFLRM255D,KOTAK MONEY MARKET FUND - DIRECT PLAN - MONTHLY IDCW REINVESTMENT,INF174K01MX0,10,90
mf,KFLRMDR,KOTAK MONEY MARKET FUND - MONTHLY IDCW REINVESTMENT,INF174K01NB4,10,90
mf,KGIREGG,KOTAK GILT FUND - REGULAR PLAN - GROWTH,INF174K01FI5,10,90
mf,KGIREGQDP,KOTAK GILT FUND - REGULAR PLAN - QUARTERLY IDCW PAYOUT,INF174K01FK1,10,90
mf,KGIREGQDR,KOTAK GILT FUND - REGULAR PLAN - QUARTERLY IDCW REINVESTMENT,INF174K01FJ3,10,90
mf,KKGIG02D,KOTAK GILT FUND - DIRECT PLAN - GROWTH,INF174K01KE4,10,90
mf,KKGIG102D,KOTAK GILT FUND - PROVIDEND FUND AND TRUST - DIRECT PLAN - GROWTH,INF174K01KM7,10,90
mf,KLIQD463D,KOTAK LIQUID FUND - DIRECT PLAN - DAILY IDCW REINVESTMENT,INF174K01NH1,10,90
mf,KLIQG462D,KOTAK LIQUID FUND - DIRECT PLAN - GROWTH,INF174K01NE8,10,90
mf,KLIQPREG,KOTAK LIQUID FUND - REGULAR PLAN - GROWTH,INF174K01NI9,10,90
mf,KTAKOVFDR,KOTAK OVERNIGHT FUND - REGULAR PLAN - DAILY IDCW REINVESTMENT,INF174KA1BB8,10,90
mf,KTAKOVFGR,KOTAK OVERNIGHT FUND - REGULAR PLAN - GROWTH,INF174KA1BC6,10,90
mf,KTKGILT,KOTAK GILT FUND - PROVIDEND FUND AND TRUST - GROWTH,INF174K01FL9,10,90
mf,KTKLIQDR,KOTAK LIQUID FUND - REGULAR PLAN - DAILY IDCW REINVESTMENT,INF174K01NL3,10,90
mf,KTKOVFDRD,KOTAK OVERNIGHT FUND - DIRECT PLAN - DAILY IDCW REINVESTMENT,INF174KA1BE2,10,90
mf,KTKOVFGRD,KOTAK OVERNIGHT FUND - DIRECT PLAN - GROWTH,INF174KA1BF9,10,90
mf,LDDRD,IIFL LIQUID FUND - DIRECT PLAN - IDCW REINVESTMENT - DAILY,INF579M01688,10,90
mf,LDG,IIFL LIQUID FUND - DIRECT PLAN - GROWTH,INF579M01621,10,90
mf,LFD1D,LIC MF LIQUID FUND-DIRECT - DIVIDEND PLAN-IDCW PAYOUT,INF767K01DL5,10,90
mf,LFD1R,LIC MF LIQUID FUND-DIRECT - DIVIDEND PLAN-IDCW REINVESTMENT,INF767K01DM3,10,90
mf,LFDG,BANK OF INDIA LIQUID FUNDDIRECT PLAN - GROWTH,INF761K01785,10,90
mf,LFDPD,LIC MF LIQUID FUND-DIVIDEND-IDCW PAYOUT,INF767K01IQ3,10,90
mf,LFDPR,LIC MF LIQUID FUND-DIVIDEND-IDCW REINVESTMENT,INF767K01IR1,10,90
mf,LFG1G,LIC MF LIQUID FUND-DIRECT - GROWTH PLAN-GROWTH,INF767K01DN1,10,90
mf,LFGDG,MOTILAL OSWAL LIQUID FUND DIRECT GROWTH,INF247L01734,10,90
mf,LFGPG,LIC MF LIQUID FUND-GROWTH-GROWTH,INF767K01IS9,10,90
mf,LFGPGR,MOTILAL OSWAL LIQUID FUND REGULAR GROWTH,INF247L01726,10,90
mf,LNT127,L&T MONEY MARKET FUND - MONTHLY IDCW PAYOUT,INF917K01BA3,10,90
mf,LNT127P,L&T MONEY MARKET FUND - MONTHLY IDCW PAYOUT,INF917K01BB1,10,90
mf,LNT128,L&T MONEY MARKET FUND - GROWTH,INF917K01BC9,10,90
mf,LNT128D,L&T MONEY MARKET FUND DIRECT PLAN - GROWTH,INF917K01FE6,10,90
mf,LNT153LD,L&T LIQUID FUND DIRECT PLAN - WEEKLY IDCW PAYOUT,INF917K01HE2,10,90
mf,LNT54LD,L&T LIQUID FUND DIRECT PLAN - DAILY IDCW REINVESTENT PLAN,INF917K01HG7,10,90
mf,LNTLCDD,L&T OVERNIGHT FUND - DAILY IDCW REINVESTENT,INF917K01EJ8,10,90
mf,LNTLCDG,L&T OVERNIGHT FUND DIRECT PLAN - GROWTH,INF917K01EN0,10,90
mf,LNTLCG,L&T OVERNIGHT FUND - GROWTH OPTION,INF917K01EI0,10,90
mf,LNTLCWD,L&T OVERNIGHT FUND - WEEKLY IDCW REINVESTENT,INF917K01EK6,10,90
mf,LQDDR,IDBI LIQUID FUND REGULAR PLAN - DAILY IDCW REINVESTMENT,INF397L01935,10,90
mf,LQG,IDBI LIQUID FUND REGULAR PLAN - GROWTH,INF397L01984,10,90
mf,LRG,IIFL LIQUID FUND REGULAR PLAN - GROWTH,INF579M01506,10,90
mf,MGFD040A,SBI MAGNUM GILT FUND DIRECT GROWTH,INF200K01SH3,10,90
mf,MG-LPR-G,SBI MAGNUM GILT FUND - LONG TERM - PF - REGULAR,INF200K01AK5,10,90
mf,MG-LR-DP,SBI MAGNUM GILT FUND REGULAR IDCW PAYOUT,INF200K01990,10,90
mf,MG-LR-DR,SBI MAGNUM GILT FUND REGULAR IDCW REINVESTMENT,INF200K01AA6,10,90
mf,MG-LR-G,SBI MAGNUM GILT FUND REGULAR GROWTH,INF200K01982,10,90
mf,MG-S-DP,SBI MAGNUM CONSTANT MATURITY FUND REGULAR IDCW PAYOUT,INF200K01AO7,10,90
mf,MG-S-DR,SBI MAGNUM CONSTANT MATURITY FUND REGULAR IDCW REINVESTMENT,INF200K01AP4,10,90
mf,MG-S-G,SBI MAGNUM CONSTANT MATURITY FUND REGULAR GROWTH,INF200K01AN9,10,90
mf,MIF-FS-DP,SBI SAVINGS FUND - REGULAR PLAN - IDCW PAYOUT,INF200K01644,10,90
mf,MIF-FS-DR,SBI SAVINGS FUND - REGULAR PLAN - IDCW REINVESTMENT,INF200K01651,10,90
mf,MIF-FS-G,SBI SAVINGS FUND - REGULAR PLAN - GROWTH,INF200K01636,10,90
mf,MIF-FS-WDP,SBI SAVINGS FUND - REGULAR PLAN - WEEKLY IDCW PAYOUT,INF200K01669,10,90
mf,MIF-FS-WDR,SBI SAVINGS FUND - REGULAR PLAN - WEEKLY IDCW REINVESTMENT,INF200K01677,10,90
mf,MIRAECFD1,MIRAE ASSET CASH MANAGEMENT FUND - DIRECT PLAN - GROWTH,INF769K01CM1,10,90
mf,MIRAECFD4,MIRAE ASSET CASH MANAGEMENT FUND - DIRECT PLAN - MONTHLY IDCW PAYOUT,INF769K01CN9,10,90
mf,MIRAECFD4,MIRAE ASSET CASH MANAGEMENT FUND - DIRECT PLAN - MONTHLY IDCW REINVESTMENT,INF769K01CQ2,10,90
mf,MIRAECFDMD,MIRAE ASSET CASH MANAGEMENT FUND - MONTHLY IDCW PAYOUT,INF769K01838,10,90
mf,MIRAECFDMR,MIRAE ASSET CASH MANAGEMENT FUND - MONTHLY IDCW REINVESTMENT,INF769K01820,10,90
mf,MIRAECFDWR,MIRAE ASSET CASH MANAGEMENT FUND - WEEKLY IDCW REINVESTMENT,INF769K01812,10,90
mf,MIRAECFGPG,MIRAE ASSET CASH MANAGEMENT FUND - GROWTH OPTION,INF769K01788,10,90
mf,MIRAEOND1,MIRAE ASSET OVERNIGHT FUND - DIRECT PLAN - GROWTH,INF769K01FG6,10,90
mf,MIRAEONRG,MIRAE ASSET OVERNIGHT FUND - REGULAR GROWTH PLAN,INF769K01FE1,10,90
mf,MMIDR,UTI MONEY MARKET FUND-REGULAR DAILY DIVIDEND PLAN-IDCW REINVESTMENT,INF789F01PW0,10,90
mf,MMIGG,UTI MONEY MARKET FUND-REGULAR GROWTH,INF789F01PX8,10,90
mf,MMMLFDG,MAHINDRA MANULIFE LIQUID FUND - DIRECT - GROWTH,INF174V01044,10,90
mf,MMMLFRG,MAHINDRA MANULIFE LIQUID FUND - REGULAR - GROWTH,INF174V01010,10,90
mf,MOMFLFDDR,MOTILAL OSWAL LIQUID FUND DIRECT-IDCW-DAILY REINVESTMENT,INF247L01742,10,90
mf,OCAPDD,HSBC CASH FUND - DAILY IDCW REINVESTMENT,INF336L01BM9,10,90
mf,OCAPG,HSBC CASH FUND - GROWTH,INF336L01BN7,10,90
mf,OCAPMD,HSBC CASH FUND - MONTHLY IDCW REINVESTMENT,INF336L01BO5,10,90
mf,OCAPMP,HSBC CASH FUND - MONTHLY IDCW PAYOUT,INF336L01BP2,10,90
mf,OCAPWD,HSBC CASH FUND - WEEKLY IDCW PAYOUT,INF336L01BQ0,10,90
mf,OHCAPG,HSBC CASH FUND - GROWTH DIRECT PLAN,INF336L01CC8,10,90
mf,OHCPDD,HSBC CASH FUND - DAILY IDCW DIRECT PLAN -REINVESTMENT,INF336L01CB0,10,90
mf,OHNOG,HSBC OVERNIGHT FUND - GROWTH DIRECT PLAN,INF336L01OF6,10,90
mf,ONODD,HSBC OVERNIGHT FUND - DAILY IDCW REINVESTMENT,INF336L01OM2,10,90
mf,ONOG,HSBC OVERNIGHT FUND - GROWTH,INF336L01OL4,10,90
mf,PMFLFPD,SUNDARAM LIQUID FUND - REGULAR PLAN IDCW DAILY REINVESTMENT,INF173K01DB7,10,90
mf,PMFLFPG,SUNDARAM LIQUID FUND - REGULAR PLAN GROWTH,INF173K01DA9,10,90
mf,PMFLFZD,SUNDARAM LIQUID FUND - DIRECT PLAN IDCW DAILY REINVESTMENT,INF173K01GT2,10,90
mf,PMFLFZG,SUNDARAM LIQUID FUND - DIRECT PLAN GROWTH,INF173K01GU0,10,90
mf,PPLFLFG,PARAG PARIKH LIQUID FUND-REGULAR PLAN-GROWTH,INF879O01035,10,90
mf,PPLFLFGZ,PARAG PARIKH LIQUID FUND-DIRECT PLAN-GROWTH,INF879O01068,10,90
mf,PPLFLFMDPZ,PARAG PARIKH LIQUID FUND-DIRECT PLAN-MONTHLY - IDCW PAYOUT,INF879O01076,10,90
mf,PPLFLFMDZ,PARAG PARIKH LIQUID FUND-DIRECT PLAN-MONTHLY - IDCW PAYOUT,INF879O01084,10,90
mf,PRMCFD1,PGIM INDIA LIQUID FUND DIRECT PLAN - GROWTH,INF223J01NS5,10,90
mf,PRMCFD2,PGIM INDIA LIQUID FUND DIRECT PLAN - DAILY IDCW REINVESTMENT,INF223J01NR7,10,90
mf,PRMCFD6,PGIM INDIA LIQUID FUND DIRECT PLAN - WEEKLY IDCW PAYOUT,INF223J01NV9,10,90
mf,PRMCFD6,PGIM INDIA LIQUID FUND DIRECT PLAN - WEEKLY IDCW PAYOUT,INF223J01NW7,10,90
mf,QMFLFRGG,QUANTUM LIQUID FUND - REGULAR PLAN GROWTH OPTION,INF082J01309,10,90
mf,RELGILDPAA,NIPPON INDIA GILT SECURITIES FUND DIRECT PLAN AUTOMATIC ANNUAL REINVEST OPTION IDCW REINVESTMENT,INF204K01E62,10,90
mf,RELGILDPAC,NIPPON INDIA GILT SECURITIES FUND DIRECT PLAN AUTOMATIC CAPITAL APPRECIATION PAYOUT OPTION IDCW PAYOUT,INF204K01E70,10,90
mf,RELGILDPDP,NIPPON INDIA GILT SECURITIES FUND DIRECT PLAN DIVIDEND PLAN IDCW PAYOUT,INF204K01XQ6,10,90
mf,RELGILDPDP,NIPPON INDIA GILT SECURITIES FUND DIRECT PLAN DIVIDEND PLAN IDCW REINVESTMENT,INF204K01XR4,10,90
mf,RELGILDPGP,NIPPON INDIA GILT SECURITIES FUND DIRECT PLAN GROWTH PLAN GROWTH,INF204K01XP8,10,90
mf,RELGLSRACA,NIPPON INDIA GILT SEC FUND- P F OPT-AUTO CAP APPRECIATION PAYOUT,INF204K01CC0,10,90
mf,RELGLSRMDO,NIPPON INDIA GILT SECURITIES FUND-P F OPT-DEFINED MATURITY DATE OPT,INF204K01CB2,10,90
mf,RELGLSRPDP,NIPPON INDIA GILT SECURITIES FUND - DIV PLAN-IDCW PAYOUT OPTION,INF204K01BV2,10,90
mf,RELGLSRPDR,NIPPON INDIA GILT SECURITIES FUND -IDCW REINVESTMENT OPTION,INF204K01BW0,10,90
mf,RELGLSRPGP,NIPPON INDIA GILT SECURITIES FUND - GROWTH OPTION,INF204K01BU4,10,90
mf,RELLIQDPGP,NIPPON INDIA MONEY MARKET FUND - DIRECT GROWTH PLAN GROWTH OPTION,INF204K01ZP3,10,90
mf,RELLIQDPMD,NIPPON INDIA MONEY MARKET FUND - DIRECT PLAN MONTHLY IDCW PAYOUT,INF204K01ZQ1,10,90
mf,RELLIQDPMD,NIPPON INDIA MONEY MARKET FUND - DIRECT PLAN MONTHLY IDCW REINVESTMENT,INF204K01ZR9,10,90
mf,RELLIQTIDR,NIPPON INDIA LIQUID FUND - DAILY IDCW REINVESTMENT,INF204K01UM1,10,90
mf,RELLIQTIMP,NIPPON INDIA LIQUID FUND - MONTHLY IDCW PAYOUT,INF204K01UO7,10,90
mf,RELLIQTIMR,NIPPON INDIA LIQUID FUND - MONTHLY IDCW REINVESTMENT,INF204K01UP4,10,90
mf,RELLIQTIWR,NIPPON INDIA LIQUID FUND - WEEKLY IDCW REINVESTMENT,INF204K01US8,10,90
mf,RELLIQTPGP,NIPPON INDIA LIQUID FUND - RETAIL OPTION - GROWTH OPTION,INF204K01UL3,10,90
mf,RELLIQTPIG,NIPPON INDIA LIQUID FUND - GROWTH PLAN - GROWTH OPTION,INF204K01UN9,10,90
mf,RELLQDTDDR,NIPPON INDIA MONEY MARKET FUND - DAILY IDCW REINVESTMENT,INF204K01UY6,10,90
mf,RELLQDTMDP,NIPPON INDIA MONEY MARKET FUND - MONTHLY IDCW PAYOUT,INF204K01VB2,10,90
mf,RELLQDTMDR,NIPPON INDIA MONEY MARKET FUND - MONTHLY IDCW REINVESTMENT,INF204K01VC0,10,90
mf,RELLQDTQDP,NIPPON INDIA MONEY MARKET FUND - QUARTERLY IDCW PLAN PAYOUT,INF204K01VD8,10,90
mf,RELLQDTQDR,NIPPON INDIA MONEY MARKET FUND - QUARTERLY IDCW REINVESTMENT,INF204K01VE6,10,90
mf,RELLQDTYGP,NIPPON INDIA MONEY MARKET FUND - GROWTH PLAN GROWTH OPTION,INF204K01VA4,10,90
mf,RELLTPDPGP,NIPPON INDIA LIQUID FUND - DIRECT GROWTH PLAN - GROWTH OPTION,INF204K01ZH0,10,90
mf,RELLTPDPMD,NIPPON INDIA LIQUID FUND - DIRECT MONTHLY IDCW PAYOUT,INF204K01ZI8,10,90
mf,RELLTPDPMD,NIPPON INDIA LIQUID FUND - DIRECT MONTHLY IDCW REINVESTMENT,INF204K01ZJ6,10,90
mf,RELLTPDPQD,NIPPON INDIA LIQUID FUND - DIRECT QUARTERLY IDCW PAYOUT,INF204K01ZK4,10,90
mf,RELLTPDPQD,NIPPON INDIA LIQUID FUND - DIRECT QUARTERLY IDCW REINVESTMENT,INF204K01ZL2,10,90
mf,RGFCOG,INVESCO INDIA MONEY MARKET FUND - GROWTH,INF205K01SD1,10,90
mf,RGFLFD1G,INVESCO INDIA LIQUID FUND - DIRECT PLAN GROWTH,INF205K01MF9,10,90
mf,RGFLFD4DR,INVESCO INDIA LIQUID FUND - DIRECT PLAN DAILY IDCW REINVESTMENT,INF205K01ME2,10,90
mf,RMFCOFRG,INVESCO INDIA MONEY MARKET FUND - REGULAR GROWTH,INF205K01SG4,10,90
mf,RMFLFSIG,INVESCO INDIA LIQUID FUND - GROWTH,INF205K01HM5,10,90
mf,RMFONADDR,NIPPON INDIA OVERNIGHT FUND - DIRECT DAILY PLAN IDCW REINVESTMENT,INF204KB1R49,10,90
mf,RMFONADGP,NIPPON INDIA OVERNIGHT FUND - DIRECT GROWTH PLAN,INF204KB1R31,10,90
mf,RMFONDDR,NIPPON INDIA OVERNIGHT FUND - DAILY IDCW REINVESTMENT,INF204KB1Q73,10,90
mf,RMFONDGP,NIPPON INDIA OVERNIGHT FUND - GROWTH PLAN,INF204KB1Q65,10,90
mf,RMFONMDP,NIPPON INDIA OVERNIGHT FUND - MONTHLY IDCW PAYOUT,INF204KB1Q99,10,90
mf,RMFONMDR,NIPPON INDIA OVERNIGHT FUND - MONTHLY IDCW REINVESTMENT,INF204KB1R07,10,90
mf,SBILFDG,SBI LIQUID FUND DIRECT GROWTH,INF200K01UT4,10,90
mf,SBIMICFFLT,SBI OVERNIGHT FUND REGULAR GROWTH,INF200K01LQ9,10,90
mf,SBIOFDG,SBI OVERNIGHT FUND DIRECT GROWTH,INF200K01TK5,10,90
mf,SBIPLF,SBI LIQUID FUND REGULAR GROWTH,INF200K01MA1,10,90
mf,SBISGDG,SBI SAVINGS FUND - DIRECT PLAN - GROWTH,INF200K01SZ5,10,90
mf,TATAFRSIG,TATA LIQUID FUND REGULAR PLAN GROWTH,INF277K01YD8,10,90
mf,TATALSD01,TATA MONEY MARKET REGULAR PLAN DAILY IDCW REINVESTMENT,INF277K014C0,10,90
mf,TATALSG01,TATA MONEY MARKET FUND REGULAR PLAN GROWTH,INF277K01LQ7,10,90
mf,TFRSTF,TATA LIQUID FUND DIRECT PLAN GROWTH,INF277K01YE6,10,90
mf,TLF,TATA MONEY MARKET FUND DIRECT PLAN GROWTH,INF277K01PR6,10,90
mf,TOFB,TATA OVERNIGHT FUND REGULAR PLAN GROWTH,INF277K016T9,10,90
mf,TOFD,TATA OVERNIGHT FUND DIRECT PLAN GROWTH,INF277K018T5,10,90
mf,UNLDDR,UNION LIQUID FUND DAILY IDCW REINVESTMENT,INF582M01021,10,90
mf,UNLDRD,UNION LIQUID FUND DAILY IDCW REINVESTMENT-DIRECT PLAN,INF582M01682,10,90
mf,UNLGR,UNION LIQUID FUND GROWTH,INF582M01013,10,90
mf,UNLGRD,UNION LIQUID FUND GROWTH-DIRECT PLAN,INF582M01674,10,90
mf,UTIGILTLTP,UTI GILT FUND-REGULAR DIVIDEND PLAN-IDCW PAYOUT,INF789F01646,10,90
mf,UTIGILTLTP,UTI GILT FUND-REGULAR REGULAR GROWTH,INF789F01661,10,90
mf,UTIGILTLTP,UTI GILT FUND-REGULAR DIVIDEND PLAN-IDCW REINVESTMENT,INF789F01653,10,90
mf,UTIGSECSTP,UTI OVERNIGHT FUND - GROWTH PLAN,INF789F01604,10,90
mf,UTILIQUDRI,UTI LIQUID CASH PLAN - REGULAR-IDCW REINVESTMENT,INF789F01AZ5,10,90
mf,UTILIQUMDR,UTI LIQUID CASH PLAN - REGULAR-IDCW REINVESTMENT,INF789F01BB4,10,90
mf,UTIMMFGP,UTI MONEY MARKET FUND-DISCONTINUED REGULAR PLAN-GROWTH,INF789F01BF5,10,90
equity,ADANIENT,,INE423A01024,19.85,80.15
equity,ADANIPORTS,,INE742F01042,17.57,82.43
equity,APOLLOHOSP,,INE437A01024,17.27,82.73
equity,ASIANPAINT,,INE021A01026,13.91,86.09
equity,AXISBANK,,INE238A01034,15.98,84.02
equity,BAJAJ-AUTO,,INE917I01010,12.69,87.31
equity,BAJAJFINSV,,INE918I01026,17.3,82.7
equity,BAJFINANCE,,INE296A01024,17.04,82.96
equity,BHARTIARTL,,INE397D01024,13.6,86.4
equity,BPCL,,INE029A01011,14.79,85.21
equity,BRITANNIA,,INE216A01030,12.85,87.15
equity,CIPLA,,INE059A01026,12.88,87.12
equity,COALINDIA,,INE522F01014,16.18,83.82
equity,DIVISLAB,,INE361B01024,15.31,84.69
equity,DRREDDY,,INE089A01023,13,87
equity,EICHERMOT,,INE066A01021,15.61,84.39
equity,GRASIM,,INE047A01021,14.61,85.39
equity,HCLTECH,,INE860A01027,13.97,86.03
equity,HDFC,,INE001A01036,14.5,85.5
equity,HDFCBANK,,INE040A01034,13.12,86.88
equity,HDFCLIFE,,INE795G01014,14.39,85.61
equity,HEROMOTOCO,,INE158A01026,14.19,85.81
equity,HINDALCO,,INE038A01020,20.31,79.69
equity,HINDUNILVR,,INE030A01027,12.78,87.22
equity,ICICIBANK,,INE090A01021,14.03,85.97
equity,INDUSINDBK,,INE095A01012,19.45,80.55
equity,INFY,,INE009A01021,14.12,85.88
equity,ITC,,INE154A01025,12.5,87.5
equity,JSWSTEEL,,INE019A01038,17.83,82.17
equity,KOTAKBANK,,INE237A01028,13.92,86.08
equity,LT,,INE018A01030,13.41,86.59
equity,M&M,,INE101A01026,15.31,84.69
equity,MARUTI,,INE585B01010,14.49,85.51
equity,NESTLEIND,,INE239A01016,12.5,87.5
equity,NTPC,,INE733E01010,13.89,86.11
equity,ONGC,,INE213A01029,18.2,81.8
equity,POWERGRID,,INE752E01010,14.07,85.93
equity,RELIANCE,,INE002A01018,14.16,85.84
equity,SBILIFE,,INE123W01016,13.64,86.36
equity,SBIN,,INE062A01020,14.66,85.34
equity,SUNPHARMA,,INE044A01036,13.07,86.93
equity,TATACONSUM,,INE192A01025,14.22,85.78
equity,TATAMOTORS,,INE155A01022,19.41,80.59
equity,TATASTEEL,,INE081A01020,18.94,81.06
equity,TCS,,INE467B01029,12.52,87.48
equity,TECHM,,INE669C01036,15.6,84.4
equity,TITAN,,INE280A01028,14.76,85.24
equity,ULTRACEMCO,,INE481G01011,13.97,86.03
equity,UPL,,INE628A01036,16.25,83.75
equity,WIPRO,,INE075A01022,14.22,85.78
equity,ACC,,INE012A01025,14.81,85.19
equity,ADANIGREEN,,INE364U01010,24.08,75.92
equity,ADANITRANS,,INE931S01010,22.84,77.16
equity,AMBUJACEM,,INE079A01024,35,65
equity,ATGL,,INE399L01023,23.88,76.12
equity,BAJAJHLDNG,,INE118A01012,16.77,83.23
equity,BANDHANBNK,,INE545U01014,20.89,79.11
equity,BANKBARODA,,INE028A01039,20.14,79.86
equity,BEL,,INE263A01024,16.79,83.21
equity,BERGEPAINT,,INE463A01038,13.74,86.26
equity,BIOCON,,INE376G01013,16.39,83.61
equity,BOSCHLTD,,INE323A01026,14.81,85.19
equity,CHOLAFIN,,INE121A01024,19.54,80.46
equity,COLPAL,,INE259A01022,12.5,87.5
equity,DABUR,,INE016A01026,12.5,87.5
equity,DLF,,INE271C01023,18.86,81.14
equity,DMART,,INE192R01011,15.75,84.25
equity,GAIL,,INE129A01019,15.72,84.28
equity,GLAND,,INE068V01023,18.37,81.63
equity,GODREJCP,,INE102D01028,15.53,84.47
equity,HAL,,INE066F01012,17.33,82.67
equity,HAVELLS,,INE176B01034,14.96,85.04
equity,HDFCAMC,,INE127D01025,14.95,85.05
equity,ICICIGI,,INE765G01017,14.26,85.74
equity,ICICIPRULI,,INE726G01019,15.46,84.54
equity,INDIGO,,INE646L01027,17.94,82.06
equity,INDUSTOWER,,INE121J01017,18.37,81.63
equity,IOC,,INE242A01010,13.35,86.65
equity,IRCTC,,INE335Y01020,19.04,80.96
equity,LICI,,INE0J1Y01017,12.5,87.5
equity,LTI,,INE214T01019,18.2,81.8
equity,MARICO,,INE196A01026,12.96,87.04
equity,MCDOWELL-N,,INE854D01024,15.49,84.51
equity,MOTHERSON,,INE775A01035,17.61,82.39
equity,MPHASIS,,INE356A01018,17.61,82.39
equity,MUTHOOTFIN,,INE414G01012,16.87,83.13
equity,NAUKRI,,INE663F01024,19.76,80.24
equity,NYKAA,,INE388Y01029,21.44,78.56
equity,PAYTM,,INE982J01020,23.04,76.96
equity,PGHH,,INE179A01014,12.5,87.5
equity,PIDILITIND,,INE318A01026,13.01,86.99
equity,PIIND,,INE603J01030,16.14,83.86
equity,SBICARD,,INE018E01016,15.61,84.39
equity,SHREECEM,,INE070A01015,14.99,85.01
equity,SIEMENS,,INE003A01024,14.46,85.54
equity,SRF,,INE647A01010,17.13,82.87
equity,TATAPOWER,,INE245A01021,18.63,81.37
equity,TORNTPHARM,,INE685A01028,13.92,86.08
equity,VEDL,,INE205A01025,21.87,78.13
equity,ZOMATO,,INE758T01015,27.35,72.65
equity,20MICRONS,,INE144J01027,26.74,73.26
equity,3IINFOLTD,,INE748C01038,20.55,79.45
equity,3MINDIA,,INE470A01017,14.83,85.17
equity,5PAISA,,INE618L01018,22.92,77.08
equity,63MOONS,,INE111B01023,25.08,74.92
equity,AARTIDRUGS,,INE767A01016,17.38,82.62
equity,AARTIIND,,INE769A01020,16.9,83.1
equity,AARTISURF,,INE09EO01013,21.58,78.42
equity,AARVI,,INE754X01016,29.56,70.44
equity,AAVAS,,INE216P01012,17.93,82.07
equity,ABB,,INE117A01022,16.73,83.27
equity,ABBOTINDIA,,INE358A01014,13.73,86.27
equity,ABCAPITAL,,INE674K01013,18.47,81.53
equity,ABFRL,,INE647O01011,17.7,82.3
equity,ABSLAMC,,INE404A01024,12.5,87.5
equity,ACCELYA,,INE793A01012,19.46,80.54
equity,ACCURACY,,INE648Z01015,25.79,74.21
equity,ACE,,INE731H01025,23.19,76.81
equity,ADFFOODS,,INE982B01019,19.59,80.41
equity,ADORWELD,,INE045A01017,21.52,78.48
equity,ADSL,,INE102I01027,26.03,73.97
equity,ADVANIHOTR,,INE199C01026,22.48,77.52
equity,ADVENZYMES,,INE837H01020,18.71,81.29
equity,AEGISCHEM,,INE208C01025,23.62,76.38
equity,AETHER,,INE0BWX01014,12.89,87.11
equity,AFFLE,,INE00WC01027,20.21,79.79
equity,AGARIND,,INE204E01012,26.07,73.93
equity,AGI,,INE415A01038,27.41,72.59
equity,AGSTRA,,INE583L01014,17.98,82.02
equity,AHLUCONT,,INE758C01029,20.07,79.93
equity,AIAENG,,INE212H01026,15.64,84.36
equity,AIRAN,,INE645W01026,22.81,77.19
equity,AIROLAM,,INE801L01010,27.53,72.47
equity,AJANTPHARM,,INE031B01049,14.3,85.7
equity,AJMERA,,INE298G01027,25.62,74.38
equity,AJOONI,,INE820Y01021,26.31,73.69
equity,AKSHARCHEM,,INE542B01011,25.23,74.77
equity,AKZOINDIA,,INE133A01011,12.5,87.5
equity,ALANKIT,,INE914E01040,21.63,78.37
equity,ALBERTDAVD,,INE155C01010,17.15,82.85
equity,ALEMBICLTD,,INE426A01027,20.02,79.98
equity,ALICON,,INE062D01024,23.4,76.6
equity,ALKALI,,INE773I01017,29.79,70.21
equity,ALKEM,,INE540L01014,12.5,87.5
equity,ALKYLAMINE,,INE150B01039,17.85,82.15
equity,ALLCARGO,,INE418H01029,23.48,76.52
equity,ALLSEC,,INE835G01018,20.5,79.5
equity,ALPA,,INE385I01010,28.74,71.26
equity,ALPHAGEO,,INE137C01018,23.86,76.14
equity,AMARAJABAT,,INE885A01032,15.01,84.99
equity,AMBER,,INE371P01015,20.45,79.55
equity,AMBIKCO,,INE540G01014,21.18,78.82
equity,AMIORG,,INE00FF01017,20.45,79.55
equity,AMRUTANJAN,,INE098F01031,15.72,84.28
equity,ANANDRATHI,,INE463V01026,12.5,87.5
equity,ANANTRAJ,,INE242C01024,26.94,73.06
equity,ANDHRAPAP,,INE435A01028,19.47,80.53
equity,ANDHRSUGAR,,INE715B01021,20.86,79.14
equity,ANDREWYU,,INE449C01025,20.99,79.01
equity,ANGELONE,,INE732I01013,21.8,78.2
equity,ANUP,,INE294Z01018,20.18,79.82
equity,ANURAS,,INE930P01018,15.97,84.03
equity,APARINDS,,INE372A01015,24.52,75.48
equity,APCL,,INE071F01012,22.39,77.61
equity,APCOTEXIND,,INE116A01032,22.55,77.45
equity,APEX,,INE346W01013,22.11,77.89
equity,APLAPOLLO,,INE702C01027,20.31,79.69
equity,APLLTD,,INE901L01018,14.69,85.31
equity,APOLLOPIPE,,INE126J01016,20.24,79.76
equity,APOLLOTYRE,,INE438A01022,18.5,81.5
equity,APTECHT,,INE266F01018,25.2,74.8
equity,APTUS,,INE852O01025,19.34,80.66
equity,ARCHIDPLY,,INE877I01016,29.08,70.92
equity,ARIES,,INE298I01015,22.58,77.42
equity,ARIHANTCAP,,INE420B01036,22.76,77.24
equity,ARMANFIN,,INE109C01017,24.16,75.84
equity,AROGRANITE,,INE210C01013,24.64,75.36
equity,ARTEMISMED,,INE025R01021,23.16,76.84
equity,ARVIND,,INE034A01011,22.44,77.56
equity,ARVINDFASN,,INE955V01021,22.56,77.44
equity,ARVSMART,,INE034S01021,24.43,75.57
equity,ASAHIINDIA,,INE439A01020,21.91,78.09
equity,ASAHISONG,,INE228I01012,20.42,79.58
equity,ASAL,,INE900C01027,27.69,72.31
equity,ASALCBR,,INE073G01016,16.75,83.25
equity,ASHAPURMIN,,INE348A01023,25.41,74.59
equity,ASHIANA,,INE365D01021,20.33,79.67
equity,ASHOKA,,INE442H01029,19.45,80.55
equity,ASHOKLEY,,INE208A01029,17.85,82.15
equity,ASIANENE,,INE276G01015,19.88,80.12
equity,ASIANHOTNR,,INE363A01022,20.37,79.63
equity,ASIANTILES,,INE022I01019,23.3,76.7
equity,ASTEC,,INE563J01010,20.13,79.87
equity,ASTERDM,,INE914M01019,20.64,79.36
equity,ASTRAL,,INE006I01046,18.08,81.92
equity,ASTRAMICRO,,INE386C01029,22.77,77.23
equity,ASTRAZEN,,INE203A01020,16.14,83.86
equity,ASTRON,,INE646X01014,23.07,76.93
equity,ATFL,,INE209A01019,15.62,84.38
equity,ATUL,,INE100A01010,14.72,85.28
equity,ATULAUTO,,INE951D01028,21.56,78.44
equity,AUBANK,,INE949L01017,18.85,81.15
equity,AURIONPRO,,INE132H01018,27.87,72.13
equity,AUROPHARMA,,INE406A01037,17.4,82.6
equity,AUTOAXLES,,INE449A01011,20.94,79.06
equity,AUTOIND,,INE718H01014,27.42,72.58
equity,AVADHSUGAR,,INE349W01017,25.05,74.95
equity,AVANTIFEED,,INE871C01038,17.91,82.09
equity,AVTNPL,,INE488D01021,22.5,77.5
equity,AWHCL,,INE01BK01022,19.05,80.95
equity,AWL,,INE699H01024,21.52,78.48
equity,AXITA,,INE02EZ01022,19.94,80.06
equity,AYMSYNTEX,,INE193B01039,24.22,75.78
equity,BAJAJCON,,INE933K01021,16.73,83.27
equity,BAJAJELEC,,INE193E01025,17.72,82.28
equity,BAJAJHCARE,,INE411U01027,18.54,81.46
equity,BAJAJHIND,,INE306A01021,30.62,69.38
equity,BALAJITELE,,INE794B01026,21.34,78.66
equity,BALAMINES,,INE050E01027,21.19,78.81
equity,BALKRISIND,,INE787D01026,15.77,84.23
equity,BALMLAWRIE,,INE164A01016,14.33,85.67
equity,BALPHARMA,,INE083D01012,23.82,76.18
equity,BALRAMCHIN,,INE119A01028,21.56,78.44
equity,BANARISUG,,INE459A01010,17.89,82.11
equity,BANCOINDIA,,INE213C01025,20.65,79.35
equity,BANKINDIA,,INE084A01016,21.17,78.83
equity,BANSWRAS,,INE629D01020,26.45,73.55
equity,BARBEQUE,,INE382M01027,19.66,80.34
equity,BASF,,INE373A01013,17.56,82.44
equity,BASML,,INE186H01022,23.76,76.24
equity,BATAINDIA,,INE176A01028,14.17,85.83
equity,BAYERCROP,,INE462A01022,13.63,86.37
equity,BBL,,INE464A01028,20.78,79.22
equity,BBOX,,INE676A01027,24.24,75.76
equity,BBTC,,INE050A01025,17.53,82.47
equity,BCLIND,,INE412G01016,24.35,75.65
equity,BDL,,INE171Z01018,21.89,78.11
equity,BECTORFOOD,,INE495P01012,16.91,83.09
equity,BEML,,INE258A01016,20.24,79.76
equity,BEPL,,INE922A01025,20.19,79.81
equity,BESTAGRO,,INE052T01013,26.5,73.5
equity,BFINVEST,,INE878K01010,19.45,80.55
equity,BFUTILITIE,,INE243D01012,23.5,76.5
equity,BGRENERGY,,INE661I01014,28.44,71.56
equity,BHAGCHEM,,INE414D01019,16.49,83.51
equity,BHAGERIA,,INE354C01027,19.03,80.97
equity,BHARATFORG,,INE465A01025,17.36,82.64
equity,BHARATGEAR,,INE561C01019,29.18,70.82
equity,BHARATRAS,,INE838B01013,18.71,81.29
equity,BHEL,,INE257A01026,22.1,77.9
equity,BINDALAGRO,,INE143A01010,26.58,73.42
equity,BIOFILCHEM,,INE829A01014,30.94,69.06
equity,BIRLACABLE,,INE800A01015,27.77,72.23
equity,BIRLACORPN,,INE340A01012,19.71,80.29
equity,BIRLAMONEY,,INE865C01022,21.13,78.87
equity,BLISSGVS,,INE416D01022,19.3,80.7
equity,BLKASHYAP,,INE350H01032,75,25
equity,BLUEDART,,INE233B01017,15.29,84.71
equity,BLUESTARCO,,INE472A01039,15.28,84.72
equity,BODALCHEM,,INE338D01028,19.43,80.57
equity,BOMDYEING,,INE032A01023,23.99,76.01
equity,BOROLTD,,INE02PY01013,22.34,77.66
equity,BORORENEW,,INE666D01022,22.42,77.58
equity,BPL,,INE110A01019,26.25,73.75
equity,BRIGADE,,INE791I01019,19.45,80.55
equity,BRNL,,INE727S01012,100,0
equity,BSE,,INE118H01025,21.08,78.92
equity,BSL,,INE594B01012,100,0
equity,BSOFT,,INE836A01035,20.52,79.48
equity,BUTTERFLY,,INE295F01017,23.17,76.83
equity,CAMLINFINE,,INE052I01032,23.13,76.87
equity,CAMPUS,,INE278Y01022,16.54,83.46
equity,CAMS,,INE596I01012,16.2,83.8
equity,CANBK,,INE476A01014,20.27,79.73
equity,CANFINHOME,,INE477A01020,19.13,80.87
equity,CANTABIL,,INE068L01016,21.78,78.22
equity,CAPACITE,,INE264T01014,23.53,76.47
equity,CAPLIPOINT,,INE475E01026,19.02,80.98
equity,CARBORUNIV,,INE120A01034,17.02,82.98
equity,CAREERP,,INE521J01018,22.01,77.99
equity,CARERATING,,INE752H01013,18.88,81.12
equity,CARTRADE,,INE290S01011,18.65,81.35
equity,CARYSIL,,INE482D01024,22.47,77.53
equity,CASTROLIND,,INE172A01027,12.94,87.06
equity,CCL,,INE421D01022,17.94,82.06
equity,CDSL,,INE736A01011,17.63,82.37
equity,CEATLTD,,INE482A01020,19.43,80.57
equity,CENTENKA,,INE485A01015,19.66,80.34
equity,CENTRALBK,,INE483A01010,23.84,76.16
equity,CENTRUM,,INE660C01027,24.37,75.63
equity,CENTUM,,INE320B01020,23.63,76.37
equity,CENTURYPLY,,INE348B01021,17.79,82.21
equity,CENTURYTEX,,INE055A01016,19.21,80.79
equity,CERA,,INE739E01017,16.19,83.81
equity,CEREBRAINT,,INE345B01019,100,0
equity,CESC,,INE486A01021,14.57,85.43
equity,CGCL,,INE180C01026,16.68,83.32
equity,CGPOWER,,INE067A01029,19.97,80.03
equity,CHALET,,INE427F01016,21.14,78.86
equity,CHAMBLFERT,,INE085A01013,20.74,79.26
equity,CHEMBOND,,INE995D01025,21.96,78.04
equity,CHEMCON,,INE03YM01018,23.05,76.95
equity,CHEMPLASTS,,INE488A01050,20.95,79.05
equity,CHENNPETRO,,INE178A01016,27.5,72.5
equity,CHEVIOT,,INE974B01016,12.5,87.5
equity,CHOICEIN,,INE102B01014,12.5,87.5
equity,CHOLAHLDNG,,INE149A01033,13.78,86.22
equity,CIGNITITEC,,INE675C01017,18.83,81.17
equity,CINELINE,,INE704H01022,25.7,74.3
equity,CLEAN,,INE227W01023,15.93,84.07
equity,CLEDUCATE,,INE201M01029,26.02,73.98
equity,CLNINDIA,,INE492A01029,14.9,85.1
equity,CLSEL,,INE419D01026,20.75,79.25
equity,CMSINFO,,INE925R01014,14.88,85.12
equity,COASTCORP,,INE377E01016,25.25,74.75
equity,COCHINSHIP,,INE704P01017,18.34,81.66
equity,COFFEEDAY,,INE335K01011,31.12,68.88
equity,COFORGE,,INE591G01017,19.75,80.25
equity,COMPINFO,,INE070C01037,28.37,71.63
equity,COMPUSOFT,,INE453B01029,29.57,70.43
equity,CONCOR,,INE111A01025,17.1,82.9
equity,CONFIPET,,INE552D01024,24.27,75.73
equity,CONTROLPR,,INE663B01015,22.34,77.66
equity,CORDSCABLE,,INE792I01017,23.89,76.11
equity,COROMANDEL,,INE169A01031,15.22,84.78
equity,COSMOFIRST,,INE757A01017,22.91,77.09
equity,CRAFTSMAN,,INE00LO01017,16.89,83.11
equity,CREATIVE,,INE985W01018,50,50
equity,CREDITACC,,INE741K01010,21.18,78.82
equity,CREST,,INE559D01011,22.13,77.87
equity,CRISIL,,INE007A01025,16.73,83.27
equity,CROMPTON,,INE299U01018,15.34,84.66
equity,CSBBANK,,INE679A01013,18.48,81.52
equity,CSLFINANCE,,INE718F01018,14.8,85.2
equity,CTE,,INE627H01017,28.98,71.02
equity,CUB,,INE491A01021,17.47,82.53
equity,CUMMINSIND,,INE298A01020,14.94,85.06
equity,CUPID,,INE509F01011,20.39,79.61
equity,CYBERTECH,,INE214A01019,24.53,75.47
equity,CYIENT,,INE136B01020,16.62,83.38
equity,DAAWAT,,INE818H01020,23.2,76.8
equity,DALBHARAT,,INE00R701025,18.42,81.58
equity,DALMIASUG,,INE495A01022,25.13,74.87
equity,DANGEE,,INE688Y01022,26.49,73.51
equity,DATAMATICS,,INE365B01017,24.68,75.32
equity,DATAPATTNS,,INE0IX101010,19.99,80.01
equity,DBCORP,,INE950I01011,21.72,78.28
equity,DBL,,INE917M01012,21.75,78.25
equity,DBOL,,INE0I3401014,16.15,83.85
equity,DCAL,,INE385W01011,24.68,75.32
equity,DCBBANK,,INE503A01015,20.01,79.99
equity,DCM,,INE498A01018,30.57,69.43
equity,DCMNVL,,INE08KP01019,25.71,74.29
equity,DCMSHRIRAM,,INE499A01024,20.95,79.05
equity,DCMSRIND,,INE843D01027,19,81
equity,DCW,,INE500A01029,25.08,74.92
equity,DCXINDIA,,INE0KL801015,12.5,87.5
equity,DECCANCE,,INE583C01021,17.17,82.83
equity,DEEPAKFERT,,INE501A01019,23.76,76.24
equity,DEEPAKNTR,,INE288B01029,19.48,80.52
equity,DEEPINDS,,INE0FHS01016,26.26,73.74
equity,DELHIVERY,,INE148O01028,20.94,79.06
equity,DELTACORP,,INE124G01033,21.74,78.26
equity,DEN,,INE947J01015,19.72,80.28
equity,DEVIT,,INE060X01026,20.42,79.58
equity,DEVYANI,,INE872J01023,18.04,81.96
equity,DFMFOODS,,INE456C01020,22.37,77.63
equity,DHAMPURSUG,,INE041A01016,24.69,75.31
equity,DHANBANK,,INE680A01011,24.15,75.85
equity,DHANUKA,,INE435G01025,14.53,85.47
equity,DHUNINV,,INE320L01011,24.63,75.37
equity,DIAMONDYD,,INE393P01035,16.29,83.71
equity,DICIND,,INE303A01010,17.29,82.71
equity,DIGISPICE,,INE927C01020,27.5,72.5
equity,DISHTV,,INE836F01026,50,50
equity,DIXON,,INE935N01020,18.29,81.71
equity,DLINKINDIA,,INE250K01012,26.88,73.12
equity,DMCC,,INE505A01010,12.5,87.5
equity,DODLA,,INE021O01019,14.88,85.12
equity,DOLATALGO,,INE966A01022,20.93,79.07
equity,DOLLAR,,INE325C01035,21.85,78.15
equity,DPABHUSHAN,,INE266Y01019,21.71,78.29
equity,DPSCLTD,,INE360C01024,35,65
equity,DPWIRES,,INE864X01013,27.35,72.65
equity,DREAMFOLKS,,INE0JS101016,12.68,87.32
equity,DREDGECORP,,INE506A01018,21.65,78.35
equity,DTIL,,INE341R01014,100,0
equity,DVL,,INE477B01010,22.11,77.89
equity,DWARKESH,,INE366A01041,24.24,75.76
equity,DYNAMATECH,,INE221B01012,24.14,75.86
equity,EASEMYTRIP,,INE07O001026,26.88,73.12
equity,ECLERX,,INE738I01010,18.61,81.39
equity,EDELWEISS,,INE532F01054,21.39,78.61
equity,EIDPARRY,,INE126A01031,20.29,79.71
equity,EIHAHOTELS,,INE276C01014,21.66,78.34
equity,EIHOTEL,,INE230A01023,20.47,79.53
equity,EIMCOELECO,,INE158B01016,21.4,78.6
equity,EKC,,INE184H01027,27.73,72.27
equity,ELECTCAST,,INE086A01029,22.68,77.32
equity,ELECTHERM,,INE822G01016,24.26,75.74
equity,ELGIEQUIP,,INE285A01027,25.11,74.89
equity,EMAMILTD,,INE548C01032,15.59,84.41
equity,EMAMIPAP,,INE830C01026,23.74,76.26
equity,EMAMIREAL,,INE778K01012,25.36,74.64
equity,EMIL,,INE02YR01019,14.07,85.93
equity,EMKAY,,INE296H01011,26.32,73.68
equity,EMMBI,,INE753K01015,20.91,79.09
equity,EMUDHRA,,INE01QM01018,14.39,85.61
equity,ENDURANCE,,INE913H01037,15.69,84.31
equity,ENGINERSIN,,INE510A01028,16.19,83.81
equity,ENIL,,INE265F01028,19.84,80.16
equity,EPL,,INE255A01020,19.04,80.96
equity,EQUITAS,,INE988K01017,20.89,79.11
equity,EQUITASBNK,,INE063P01018,18.69,81.31
equity,ERIS,,INE406M01024,13.61,86.39
equity,ESABINDIA,,INE284A01012,20.46,79.54
equity,ESCORTS,,INE042A01014,17.7,82.3
equity,ESSARSHPNG,,INE122M01019,26.64,73.36
equity,ESTER,,INE778B01029,22.34,77.66
equity,ETHOSLTD,,INE04TZ01018,14.09,85.91
equity,EVEREADY,,INE128A01029,20.71,79.29
equity,EVERESTIND,,INE295A01018,26.6,73.4
equity,EXCELINDUS,,INE369A01029,22.58,77.42
equity,EXIDEIND,,INE302A01020,14.17,85.83
equity,EXPLEOSOL,,INE201K01015,21.94,78.06
equity,EXXARO,,INE0GFE01018,16.98,83.02
equity,FACT,,INE188A01015,31.19,68.81
equity,FAIRCHEMOR,,INE0DNW01011,23.66,76.34
equity,FCL,,INE045J01026,25.81,74.19
equity,FDC,,INE258B01022,15.82,84.18
equity,FEDERALBNK,,INE171A01029,17.35,82.65
equity,FIEMIND,,INE737H01014,24.81,75.19
equity,FILATEX,,INE816B01027,21.94,78.06
equity,FINCABLES,,INE235A01022,19.13,80.87
equity,FINEORG,,INE686Y01026,21.2,78.8
equity,FINOPB,,INE02NC01014,22.04,77.96
equity,FINPIPE,,INE183A01024,18.83,81.17
equity,FLUOROCHEM,,INE09N301011,21.05,78.95
equity,FMGOETZE,,INE529A01010,15.19,84.81
equity,FOODSIN,,INE976E01023,100,0
equity,FORCEMOT,,INE451A01017,20.69,79.31
equity,FORTIS,,INE061F01013,18.23,81.77
equity,FOSECOIND,,INE519A01011,17.03,82.97
equity,FSL,,INE684F01012,19.77,80.23
equity,GABRIEL,,INE524A01029,19.68,80.32
equity,GAEL,,INE036B01030,24.92,75.08
equity,GALAXYSURF,,INE600K01018,14.07,85.93
equity,GALLANTT,,INE297H01019,23.48,76.52
equity,GANDHITUBE,,INE524B01027,22.36,77.64
equity,GANECOS,,INE845D01014,18.85,81.15
equity,GANESHBE,,INE388A01029,18.18,81.82
equity,GANESHHOUC,,INE460C01014,25.38,74.62
equity,GARFIBRES,,INE276A01018,15.25,84.75
equity,GATEWAY,,INE079J01017,12.93,87.07
equity,GATI,,INE152B01027,23.08,76.92
equity,GEECEE,,INE916G01016,22.21,77.79
equity,GENUSPAPER,,INE949P01018,27.49,72.51
equity,GENUSPOWER,,INE955D01029,25.03,74.97
equity,GEOJITFSL,,INE007B01023,19.81,80.19
equity,GEPIL,,INE878A01011,21.98,78.02
equity,GESHIP,,INE017A01032,19.99,80.01
equity,GET&D,,INE200A01026,20.14,79.86
equity,GFLLIMITED,,INE538A01037,21.45,78.55
equity,GHCL,,INE539A01019,20.92,79.08
equity,GICHSGFIN,,INE289B01019,21,79
equity,GICRE,,INE481Y01014,21.02,78.98
equity,GILLETTE,,INE322A01010,12.5,87.5
equity,GINNIFILA,,INE424C01010,25.8,74.2
equity,GIPCL,,INE162A01010,16.42,83.58
equity,GLAXO,,INE159A01016,12.5,87.5
equity,GLENMARK,,INE935A01035,17.07,82.93
equity,GLOBE,,INE581X01021,27.74,72.26
equity,GLOBUSSPR,,INE615I01010,25.03,74.97
equity,GLS,,INE03Q201024,12.5,87.5
equity,GMBREW,,INE075D01018,18.09,81.91
equity,GMDCLTD,,INE131A01031,26.21,73.79
equity,GMMPFAUDLR,,INE541A01023,21.84,78.16
equity,GMRINFRA,,INE776C01039,18.99,81.01
equity,GNA,,INE934S01014,21.33,78.67
equity,GNFC,,INE113A01013,23.45,76.55
equity,GOACARBON,,INE426D01013,75,25
equity,GOCLCORP,,INE077F01035,25.96,74.04
equity,GOCOLORS,,INE0BJS01011,17.55,82.45
equity,GODFRYPHLP,,INE260B01028,19.72,80.28
equity,GODREJAGRO,,INE850D01014,14.95,85.05
equity,GODREJIND,,INE233A01035,14.5,85.5
equity,GODREJPROP,,INE484J01027,19.97,80.03
equity,GOKEX,,INE887G01027,26.17,73.83
equity,GOKUL,,INE020J01029,28.88,71.12
equity,GOKULAGRO,,INE314T01025,29.31,70.69
equity,GOLDIAM,,INE025B01025,23.98,76.02
equity,GOODLUCK,,INE127I01024,22.83,77.17
equity,GOODYEAR,,INE533A01012,14.61,85.39
equity,GPIL,,INE177H01021,26,74
equity,GPPL,,INE517F01014,17.39,82.61
equity,GPTINFRA,,INE390G01014,75,25
equity,GRANULES,,INE101D01020,18.66,81.34
equity,GRAPHITE,,INE371A01025,21.2,78.8
equity,GRAUWEIL,,INE266D01021,21.03,78.97
equity,GRAVITA,,INE024L01027,25.51,74.49
equity,GREAVESCOT,,INE224A01026,22.83,77.17
equity,GREENLAM,,INE544R01021,19.09,80.91
equity,GREENPANEL,,INE08ZM01014,20.01,79.99
equity,GREENPLY,,INE461C01038,18.43,81.57
equity,GRINDWELL,,INE536A01023,16.24,83.76
equity,GRINFRA,,INE201P01022,15.12,84.88
equity,GRMOVER,,INE192H01020,12.5,87.5
equity,GRPLTD,,INE137I01015,23.43,76.57
equity,GRSE,,INE382Z01011,26.77,73.23
equity,GRWRHITECH,,INE291A01017,16.64,83.36
equity,GSCLCEMENT,,INE542A01039,22.75,77.25
equity,GSFC,,INE026A01025,21.83,78.17
equity,GSPL,,INE246F01010,17.45,82.55
equity,GSS,,INE871H01011,26.07,73.93
equity,GTL,,INE043A01012,28.22,71.78
equity,GTPL,,INE869I01013,20.88,79.12
equity,GUFICBIO,,INE742B01025,22.05,77.95
equity,GUJALKALI,,INE186A01019,23.2,76.8
equity,GUJAPOLLO,,INE826C01016,20.8,79.2
equity,GUJGASLTD,,INE844O01030,17.84,82.16
equity,GULFOILLUB,,INE635Q01029,14.66,85.34
equity,GULFPETRO,,INE586G01017,26.11,73.89
equity,GULPOLY,,INE255D01024,24.32,75.68
equity,HAPPSTMNDS,,INE419U01012,17.65,82.35
equity,HARIOMPIPE,,INE00EV01017,18.46,81.54
equity,HARRMALAYA,,INE544A01019,21.66,78.34
equity,HARSHA,,INE0JUS01029,12.5,87.5
equity,HATHWAY,,INE982F01036,20.1,79.9
equity,HATSUN,,INE473B01035,18.6,81.4
equity,HBLPOWER,,INE292B01021,27.81,72.19
equity,HCC,,INE549A01026,31.6,68.4
equity,HCG,,INE075I01017,16.89,83.11
equity,HCL-INSYS,,INE236A01020,22.87,77.13
equity,HEG,,INE545A01016,22.79,77.21
equity,HEIDELBERG,,INE578A01017,15.79,84.21
equity,HEMIPROP,,INE0AJG01018,19.68,80.32
equity,HERANBA,,INE694N01015,14.6,85.4
equity,HERCULES,,INE688E01024,23.8,76.2
equity,HERITGFOOD,,INE978A01027,18.39,81.61
equity,HESTERBIO,,INE782E01017,18.33,81.67
equity,HEXATRADEX,,INE750M01017,19.83,80.17
equity,HFCL,,INE548A01028,25.3,74.7
equity,HGINFRA,,INE926X01010,21.3,78.7
equity,HGS,,INE170I01016,21.04,78.96
equity,HIKAL,,INE475B01022,24.01,75.99
equity,HIL,,INE557A01011,19.88,80.12
equity,HIMATSEIDE,,INE049A01027,24.48,75.52
equity,HINDCOMPOS,,INE310C01029,21.03,78.97
equity,HINDCOPPER,,INE531E01026,23.08,76.92
equity,HINDOILEXP,,INE345A01011,25.31,74.69
equity,HINDPETRO,,INE094A01015,17.41,82.59
equity,HINDWAREAP,,INE05AN01011,26.12,73.88
equity,HINDZINC,,INE267A01025,15.96,84.04
equity,HISARMETAL,,INE598C01011,26.5,73.5
equity,HITECH,,INE106T01017,50,50
equity,HITECHCORP,,INE120D01012,24.36,75.64
equity,HLEGLAS,,INE461D01028,21.69,78.31
equity,HLVLTD,,INE102A01024,29.05,70.95
equity,HMVL,,INE871K01015,19.53,80.47
equity,HNDFDS,,INE254N01026,100,0
equity,HOMEFIRST,,INE481N01025,18.1,81.9
equity,HONAUT,,INE671A01010,15.31,84.69
equity,HONDAPOWER,,INE634A01018,21.64,78.36
equity,HPAL,,INE0GSL01016,14.84,85.16
equity,HPL,,INE495S01016,26.11,73.89
equity,HSCL,,INE019C01026,23.85,76.15
equity,HTMEDIA,,INE501G01024,24.01,75.99
equity,HUDCO,,INE031A01017,20.11,79.89
equity,HUHTAMAKI,,INE275B01026,18.68,81.32
equity,IBREALEST,,INE069I01010,27.16,72.84
equity,IBULHSGFIN,,INE148I01020,42.29,57.71
equity,ICIL,,INE483B01026,24.82,75.18
equity,ICRA,,INE725G01011,14.63,85.37
equity,IDBI,,INE008A01015,22.92,77.08
equity,IDEA,,INE669E01016,28.51,71.49
equity,IDFC,,INE043D01016,20.83,79.17
equity,IDFCFIRSTB,,INE092T01019,19.19,80.81
equity,IEX,,INE022Q01020,21.52,78.48
equity,IFBAGRO,,INE076C01018,22,78
equity,IFBIND,,INE559A01017,22.11,77.89
equity,IFCI,,INE039A01010,27.4,72.6
equity,IFGLEXPOR,,INE133Y01011,20.21,79.79
equity,IGARASHI,,INE188B01013,24.57,75.43
equity,IGL,,INE203G01027,17.44,82.56
equity,IGPL,,INE204A01010,20.55,79.45
equity,IIFL,,INE530B01024,21.96,78.04
equity,IIFLSEC,,INE489L01022,21.84,78.16
equity,IIFLWAM,,INE466L01020,18.17,81.83
equity,IMFA,,INE919H01018,22.65,77.35
equity,IMPAL,,INE547E01014,12.63,87.37
equity,INDBANK,,INE841B01017,32.25,67.75
equity,INDHOTEL,,INE053A01029,18.47,81.53
equity,INDIACEM,,INE383A01012,22.5,77.5
equity,INDIAGLYCO,,INE560A01015,22.93,77.07
equity,INDIAMART,,INE933S01016,19.53,80.47
equity,INDIANB,,INE562A01011,21.47,78.53
equity,INDIANCARD,,INE061A01014,22.12,77.88
equity,INDIANHUME,,INE323C01030,18.92,81.08
equity,INDIGOPNTS,,INE09VQ01012,15.47,84.53
equity,INDNIPPON,,INE092B01025,19.83,80.17
equity,INDOAMIN,,INE760F01028,21.59,78.41
equity,INDOBORAX,,INE803D01021,19.02,80.98
equity,INDOCO,,INE873D01024,18.65,81.35
equity,INDORAMA,,INE156A01020,25.43,74.57
equity,INDOTECH,,INE332H01014,24.94,75.06
equity,INDRAMEDCO,,INE681B01017,100,0
equity,INDSWFTLAB,,INE915B01019,100,0
equity,INDTERRAIN,,INE611L01021,27.4,72.6
equity,INEOSSTYRO,,INE189B01011,20.18,79.82
equity,INFIBEAM,,INE483S01020,24.92,75.08
equity,INFOBEAN,,INE344S01016,24.43,75.57
equity,INGERRAND,,INE177A01018,19.18,80.82
equity,INOXLEISUR,,INE312H01016,18.39,81.61
equity,INOXWIND,,INE066P01011,25.3,74.7
equity,INSECTICID,,INE070I01018,17.42,82.58
equity,INTELLECT,,INE306R01017,22.89,77.11
equity,INTENTECH,,INE781A01025,27.29,72.71
equity,INTLCONV,,INE575C01027,17.81,82.19
equity,IOB,,INE565A01014,23.84,76.16
equity,IOLCP,,INE485C01011,23.37,76.63
equity,IONEXCHANG,,INE570A01014,16.69,83.31
equity,IPCALAB,,INE571A01038,14.16,85.84
equity,IPL,,INE0D6701023,17.12,82.88
equity,IRB,,INE821I01014,23.77,76.23
equity,IRCON,,INE962Y01021,18.55,81.45
equity,IRFC,,INE053F01010,15.65,84.35
equity,ISEC,,INE763G01038,17.1,82.9
equity,ISFT,,INE566K01011,24.98,75.02
equity,ISGEC,,INE858B01029,18.22,81.78
equity,ISMTLTD,,INE732F01019,27.78,72.22
equity,ITDC,,INE353K01014,21.9,78.1
equity,ITDCEM,,INE686A01026,22.6,77.4
equity,ITI,,INE248A01017,21.77,78.23
equity,IVC,,INE050B01023,26.74,73.26
equity,IVP,,INE043C01018,25.28,74.72
equity,IZMO,,INE848A01014,24.57,75.43
equity,J&KBANK,,INE168A01041,24.12,75.88
equity,JAGRAN,,INE199G01027,35,65
equity,JAGSNPHARM,,INE048B01027,26.8,73.2
equity,JAIBALAJI,,INE091G01018,50,50
equity,JAICORPLTD,,INE070D01027,26.77,73.23
equity,JAMNAAUTO,,INE039C01032,18.71,81.29
equity,JASH,,INE039O01011,21.76,78.24
equity,JAYAGROGN,,INE785A01026,22.41,77.59
equity,JAYBARMARU,,INE571B01028,20.84,79.16
equity,JAYNECOIND,,INE854B01010,35,65
equity,JAYSREETEA,,INE364A01020,19.18,80.82
equity,JBCHEPHARM,,INE572A01028,15.46,84.54
equity,JBMA,,INE927D01044,24.62,75.38
equity,JCHAC,,INE782A01015,15.9,84.1
equity,JHS,,INE544H01014,24.49,75.51
equity,JINDALPHOT,,INE796G01012,29.31,70.69
equity,JINDALPOLY,,INE197D01010,21.59,78.41
equity,JINDALSAW,,INE324A01024,19.92,80.08
equity,JINDALSTEL,,INE749A01030,22.2,77.8
equity,JINDRILL,,INE742C01031,25.75,74.25
equity,JINDWORLD,,INE247D01039,29.36,70.64
equity,JISLJALEQS,,INE175A01038,25.35,74.65
equity,JKCEMENT,,INE823G01014,17.38,82.62
equity,JKIL,,INE576I01022,22.06,77.94
equity,JKLAKSHMI,,INE786A01032,21.8,78.2
equity,JKPAPER,,INE789E01012,22.92,77.08
equity,JKTYRE,,INE573A01042,22.8,77.2
equity,JMA,,INE412C01023,21.38,78.62
equity,JMCPROJECT,,INE890A01024,21.17,78.83
equity,JMFINANCIL,,INE780C01023,19.32,80.68
equity,JOCIL,,INE839G01010,23.26,76.74
equity,JPASSOCIAT,,INE455F01025,30.73,69.27
equity,JPPOWER,,INE351F01018,29.03,70.97
equity,JSL,,INE220G01021,75,25
equity,JSLHISAR,,INE455T01018,75,25
equity,JSWENERGY,,INE121E01018,23.18,76.82
equity,JSWHL,,INE824G01012,20.54,79.46
equity,JSWISPL,,INE743C01021,22.93,77.07
equity,JTEKTINDIA,,INE643A01035,23.19,76.81
equity,JTLINFRA,,INE391J01024,19.6,80.4
equity,JUBLFOOD,,INE797F01020,18.32,81.68
equity,JUBLINGREA,,INE0BY001018,21.14,78.86
equity,JUBLPHARMA,,INE700A01033,18.89,81.11
equity,JUSTDIAL,,INE599M01018,21.91,78.09
equity,JYOTHYLAB,,INE668F01031,14.95,85.05
equity,KABRAEXTRU,,INE900B01029,29.24,70.76
equity,KAJARIACER,,INE217B01036,16.5,83.5
equity,KAKATCEM,,INE437B01014,21.94,78.06
equity,KALPATPOWR,,INE220B01022,16.72,83.28
equity,KALYANKJIL,,INE303R01014,19.49,80.51
equity,KANSAINER,,INE531A01024,16.02,83.98
equity,KARURVYSYA,,INE036D01028,21.99,78.01
equity,KCP,,INE805C01028,20.13,79.87
equity,KCPSUGIND,,INE790B01024,50,50
equity,KDDL,,INE291D01011,25.55,74.45
equity,KEC,,INE389H01022,18.58,81.42
equity,KEI,,INE878B01027,20.17,79.83
equity,KENNAMET,,INE717A01029,18.72,81.28
equity,KESORAMIND,,INE087A01019,22.93,77.07
equity,KHADIM,,INE834I01025,24.39,75.61
equity,KHAICHEM,,INE745B01028,26.22,73.78
equity,KICL,,INE029L01018,15.93,84.07
equity,KILITCH,,INE729D01010,22.63,77.37
equity,KIMS,,INE967H01017,15.91,84.09
equity,KIOCL,,INE880L01014,24.76,75.24
equity,KIRIINDUS,,INE415I01015,20.36,79.64
equity,KIRLFER,,INE884B01025,21.38,78.62
equity,KIRLOSBROS,,INE732A01036,24.12,75.88
equity,KIRLOSENG,,INE146L01010,23.49,76.51
equity,KIRLOSIND,,INE250A01039,19.47,80.53
equity,KITEX,,INE602G01020,22.64,77.36
equity,KKCL,,INE401H01017,100,0
equity,KMSUGAR,,INE157H01023,26.92,73.08
equity,KNRCON,,INE634I01029,17.23,82.77
equity,KOKUYOCMLN,,INE760A01029,20.2,79.8
equity,KOLTEPATIL,,INE094I01018,23.11,76.89
equity,KOPRAN,,INE082A01010,26.43,73.57
equity,KOTARISUG,,INE419A01022,27.37,72.63
equity,KOTHARIPET,,INE720A01015,26.93,73.07
equity,KOVAI,,INE177F01017,14.06,85.94
equity,KPIGREEN,,INE542W01017,35,65
equity,KPITTECH,,INE04I401011,21.92,78.08
equity,KPRMILL,,INE930H01031,19.32,80.68
equity,KRBL,,INE001B01026,23.49,76.51
equity,KREBSBIO,,INE268B01013,26.89,73.11
equity,KRISHANA,,INE506W01012,24.36,75.64
equity,KRITINUT,,INE798K01010,12.5,87.5
equity,KRSNAA,,INE08LI01020,15.5,84.5
equity,KSB,,INE999A01015,18,82
equity,KSCL,,INE455I01029,16.16,83.84
equity,KSL,,INE907A01026,17.75,82.25
equity,KSOLVES,,INE0D6I01015,12.5,87.5
equity,KTKBANK,,INE614B01018,100,0
equity,L&TFH,,INE498L01015,19.83,80.17
equity,LALPATHLAB,,INE600L01024,19.62,80.38
equity,LAMBODHARA,,INE112F01022,26.25,73.75
equity,LAOPALA,,INE059D01020,20.34,79.66
equity,LATENTVIEW,,INE0I7C01011,18.97,81.03
equity,LAURUSLABS,,INE947Q01028,18.5,81.5
equity,LAXMIMACH,,INE269B01029,16.92,83.08
equity,LEMONTREE,,INE970X01018,22.87,77.13
equity,LGBBROSLTD,,INE337A01034,20.19,79.81
equity,LIBAS,,INE908V01012,23.84,76.16
equity,LICHSGFIN,,INE115A01026,17.71,82.29
equity,LIKHITHA,,INE060901019,100,0
equity,LINC,,INE802B01019,25.75,74.25
equity,LINCOLN,,INE405C01035,18.1,81.9
equity,LINDEINDIA,,INE473A01011,19,81
equity,LODHA,,INE670K01029,20.83,79.17
equity,LOVABLE,,INE597L01014,23.78,76.22
equity,LTTS,,INE010V01017,18.93,81.07
equity,LUMAXIND,,INE162B01018,21.09,78.91
equity,LUMAXTECH,,INE872H01027,23.02,76.98
equity,LUPIN,,INE326A01037,15.62,84.38
equity,LUXIND,,INE150G01020,18.79,81.21
equity,LXCHEM,,INE576O01020,19.34,80.66
equity,LYKALABS,,INE933A01014,27.62,72.38
equity,M&MFIN,,INE774D01024,21.49,78.51
equity,MAANALU,,INE215I01019,28.98,71.02
equity,MACPOWER,,INE155Z01011,27.27,72.73
equity,MADRASFERT,,INE414A01015,32.87,67.13
equity,MAGADSUGAR,,INE347W01011,26.6,73.4
equity,MAHABANK,,INE457A01014,22.87,77.13
equity,MAHEPC,,INE215D01010,18.78,81.22
equity,MAHESHWARI,,INE263W01010,23.59,76.41
equity,MAHINDCIE,,INE536H01010,20.53,79.47
equity,MAHLIFE,,INE813A01018,20.57,79.43
equity,MAHLOG,,INE766P01016,20.17,79.83
equity,MAHSCOOTER,,INE288A01013,16.59,83.41
equity,MAHSEAMLES,,INE271B01025,19.04,80.96
equity,MAITHANALL,,INE683C01011,21.76,78.24
equity,MALUPAPER,,INE383H01017,25.31,74.69
equity,MANAKSIA,,INE015D01022,22.86,77.14
equity,MANAKSTEEL,,INE824Q01011,26.37,73.63
equity,MANALIPETC,,INE201A01024,22.67,77.33
equity,MANAPPURAM,,INE522D01027,19.59,80.41
equity,MANGALAM,,INE584F01014,23.03,76.97
equity,MANGCHEFER,,INE558B01017,26.07,73.93
equity,MANGLMCEM,,INE347A01017,19.06,80.94
equity,MANINDS,,INE993A01026,22.43,77.57
equity,MANINFRA,,INE949H01023,22.1,77.9
equity,MANORAMA,,INE00VM01010,13.73,86.27
equity,MANORG,,INE370D01013,22.13,77.87
equity,MANYAVAR,,INE825V01034,14.73,85.27
equity,MAPMYINDIA,,INE0BV301023,16.65,83.35
equity,MARINE,,INE01JE01028,23.2,76.8
equity,MARKSANS,,INE750C01026,21.24,78.76
equity,MASFIN,,INE348L01012,22.11,77.89
equity,MASTEK,,INE759A01021,20.76,79.24
equity,MATRIMONY,,INE866R01028,18.24,81.76
equity,MAWANASUG,,INE636A01039,28.09,71.91
equity,MAXHEALTH,,INE027H01010,17.71,82.29
equity,MAYURUNIQ,,INE040D01038,19.94,80.06
equity,MAZDA,,INE885E01034,21.07,78.93
equity,MAZDOCK,,INE249Z01012,24.56,75.44
equity,MCX,,INE745G01035,17.77,82.23
equity,MEDICAMEQ,,INE646B01010,23.66,76.34
equity,MEDPLUS,,INE804L01022,15.78,84.22
equity,MENONBE,,INE071D01033,23.09,76.91
equity,METROBRAND,,INE317I01021,17.05,82.95
equity,METROPOLIS,,INE112L01020,20.08,79.92
equity,MFL,,INE071N01016,22.56,77.44
equity,MFSL,,INE180A01020,16.42,83.58
equity,MGL,,INE002S01010,16.45,83.55
equity,MHRIL,,INE998I01010,19.62,80.38
equity,MIDHANI,,INE099Z01011,18.07,81.93
equity,MINDACORP,,INE842C01021,21.48,78.52
equity,MINDTECK,,INE110B01017,28.02,71.98
equity,MIRCELECTR,,INE831A01028,100,0
equity,MMFL,,INE227C01017,20.11,79.89
equity,MMP,,INE511Y01018,24.44,75.56
equity,MMTC,,INE123F01029,23.94,76.06
equity,MODISONLTD,,INE737D01021,21.19,78.81
equity,MOIL,,INE490G01020,15.58,84.42
equity,MOL,,INE0CT101020,20.04,79.96
equity,MOLDTECH,,INE835B01035,25.37,74.63
equity,MOLDTKPAC,,INE893J01029,18.14,81.86
equity,MONARCH,,INE903D01011,22.66,77.34
equity,MONTECARLO,,INE950M01013,24.07,75.93
equity,MOREPENLAB,,INE083A01026,25.6,74.4
equity,MOTILALOFS,,INE338I01027,16.58,83.42
equity,MPSLTD,,INE943D01017,21.43,78.57
equity,MRF,,INE883A01011,14.41,85.59
equity,MRPL,,INE103A01014,26.83,73.17
equity,MSPL,,INE752G01015,24.67,75.33
equity,MSTCLTD,,INE255X01014,24.23,75.77
equity,MSUMI,,INE0FS801015,14.36,85.64
equity,MTARTECH,,INE864I01014,19.2,80.8
equity,MTNL,,INE153A01019,28.52,71.48
equity,MUKANDLTD,,INE304A01026,22.15,77.85
equity,MUNJALAU,,INE672B01032,19.7,80.3
equity,MUNJALSHOW,,INE577A01027,15.83,84.17
equity,NACLIND,,INE295D01020,21.56,78.44
equity,NAHARCAP,,INE049I01012,27.7,72.3
equity,NAHARINDUS,,INE289A01011,24.59,75.41
equity,NAHARPOLY,,INE308A01027,27.89,72.11
equity,NAHARSPING,,INE290A01027,23.83,76.17
equity,NAM-INDIA,,INE298J01013,16.01,83.99
equity,NATCOPHARM,,INE987B01026,15.55,84.45
equity,NATHBIOGEN,,INE448G01010,21.62,78.38
equity,NATIONALUM,,INE139A01034,21.05,78.95
equity,NAVA,,INE725A01022,27.74,72.26
equity,NAVINFLUOR,,INE048G01026,17.54,82.46
equity,NAVKARCORP,,INE278M01019,29.89,70.11
equity,NAVNETEDUL,,INE060A01024,20.14,79.86
equity,NAZARA,,INE418L01021,23.05,76.95
equity,NBCC,,INE095N01031,21.01,78.99
equity,NCC,,INE868B01028,20.38,79.62
equity,NCLIND,,INE732C01016,17.61,82.39
equity,NDL,,INE875G01030,25.94,74.06
equity,NDRAUTO,,INE07OG01012,26.1,73.9
equity,NECCLTD,,INE553C01016,28.34,71.66
equity,NECLIFE,,INE023H01027,24.65,75.35
equity,NELCAST,,INE189I01024,25.82,74.18
equity,NELCO,,INE045B01015,24.15,75.85
equity,NEOGEN,,INE136S01016,19.88,80.12
equity,NESCO,,INE317F01035,15.64,84.36
equity,NETWORK18,,INE870H01013,26.57,73.43
equity,NEULANDLAB,,INE794A01010,27.29,72.71
equity,NEWGEN,,INE619B01017,19.45,80.55
equity,NFL,,INE870D01012,24.33,75.67
equity,NGLFINE,,INE887E01022,14.37,85.63
equity,NH,,INE410P01011,15.91,84.09
equity,NHPC,,INE848E01016,17.46,82.54
equity,NIACL,,INE470Y01017,22.04,77.96
equity,NIITLTD,,INE161A01038,24.81,75.19
equity,NILKAMAL,,INE310A01015,15.57,84.43
equity,NITINSPIN,,INE229H01012,21.3,78.7
equity,NLCINDIA,,INE589A01014,21.01,78.99
equity,NMDC,,INE584A01023,19.69,80.31
equity,NOCIL,,INE163A01018,19.69,80.31
equity,NOVARTIND,,INE234A01025,21.9,78.1
equity,NRAIL,,INE740D01017,22.71,77.29
equity,NRBBEARING,,INE349A01021,22.17,77.83
equity,NSIL,,INE023A01030,23.94,76.06
equity,NUCLEUS,,INE096B01018,17.68,82.32
equity,NURECA,,INE0DSF01015,22.27,77.73
equity,NUVOCO,,INE118D01016,17.31,82.69
equity,OAL,,INE959C01023,21.46,78.54
equity,OBEROIRLTY,,INE093I01010,18.91,81.09
equity,OCCL,,INE321D01016,16.89,83.11
equity,OFSS,,INE881D01027,13.89,86.11
equity,OIL,,INE274J01014,21.27,78.73
equity,OLECTRA,,INE260D01016,22.69,77.31
equity,OMAXAUTO,,INE090B01011,28.28,71.72
equity,OMAXE,,INE800H01010,35,65
equity,OMINFRAL,,INE239D01028,26.42,73.58
equity,ONMOBILE,,INE809I01019,25.72,74.28
equity,ONWARDTEC,,INE229A01017,24.23,75.77
equity,OPTIEMUS,,INE350C01017,29.29,70.71
equity,ORBTEXP,,INE231G01010,27.83,72.17
equity,ORICONENT,,INE730A01022,23.87,76.13
equity,ORIENTBELL,,INE607D01018,27.21,72.79
equity,ORIENTCEM,,INE876N01018,19.61,80.39
equity,ORIENTELEC,,INE142Z01019,14.83,85.17
equity,ORIENTHOT,,INE750A01020,23.56,76.44
equity,ORIENTPPR,,INE592A01026,24.25,75.75
equity,ORISSAMINE,,INE725E01024,21.84,78.16
equity,OSWALAGRO,,INE142A01012,28.98,71.02
equity,PAGEIND,,INE761H01022,15.21,84.79
equity,PAISALO,,INE420C01059,22.81,77.19
equity,PANACEABIO,,INE922B01023,23.99,76.01
equity,PANAMAPET,,INE305C01029,24.02,75.98
equity,PAR,,INE04LG01015,22.31,77.69
equity,PARADEEP,,INE088F01024,16,84
equity,PARAGMILK,,INE883N01014,21.03,78.97
equity,PARAS,,INE045601015,18.44,81.56
equity,PASUPTAC,,INE818B01023,22.11,77.89
equity,PATELENG,,INE244B01030,35,65
equity,PATINTLOG,,INE529D01014,27.25,72.75
equity,PCBL,,INE602A01031,23.79,76.21
equity,PDMJEPAPER,,INE865T01018,23.75,76.25
equity,PDSL,,INE111Q01021,19.98,80.02
equity,PEL,,INE140A01024,20.88,79.12
equity,PENIND,,INE932A01024,25.21,74.79
equity,PERSISTENT,,INE262H01013,18.94,81.06
equity,PETRONET,,INE347G01014,13.04,86.96
equity,PFC,,INE134E01011,14.66,85.34
equity,PFIZER,,INE182A01018,12.5,87.5
equity,PGEL,,INE457L01011,25.43,74.57
equity,PGHL,,INE199A01012,12.61,87.39
equity,PGIL,,INE940H01014,27.56,72.44
equity,PHOENIXLTD,,INE211B01039,18.36,81.64
equity,PILANIINVS,,INE417C01014,14.97,85.03
equity,PILITA,,INE600A01035,24.51,75.49
equity,PIONEEREMB,,INE156C01018,21.64,78.36
equity,PITTIENG,,INE450D01021,25.87,74.13
equity,PIXTRANS,,INE751B01018,14.26,85.74
equity,PLASTIBLEN,,INE083C01022,18.12,81.88
equity,PNB,,INE160A01022,20.49,79.51
equity,PNBGILTS,,INE859A01011,16.99,83.01
equity,PNBHOUSING,,INE572E01012,23.32,76.68
equity,PNCINFRA,,INE195J01029,18.57,81.43
equity,PODDARMENT,,INE371C01013,19.67,80.33
equity,POKARNA,,INE637C01025,23.58,76.42
equity,POLICYBZR,,INE417T01026,23.87,76.13
equity,POLYCAB,,INE455K01017,16.53,83.47
equity,POLYMED,,INE205C01021,19.53,80.47
equity,POLYPLEX,,INE633B01018,19.91,80.09
equity,PONNIERODE,,INE838E01017,50,50
equity,POONAWALLA,,INE511C01022,23.68,76.32
equity,POWERINDIA,,INE07Y701011,19.36,80.64
equity,PPAP,,INE095I01015,100,0
equity,PPL,,INE050001010,20.05,79.95
equity,PRAJIND,,INE074A01025,21.58,78.42
equity,PRAKASH,,INE603A01013,22.22,77.78
equity,PRAKASHSTL,,INE696K01024,36.82,63.18
equity,PRECAM,,INE484I01029,25.12,74.88
equity,PRECWIRE,,INE372C01037,25.67,74.33
equity,PRESTIGE,,INE811K01011,19.52,80.48
equity,PRICOLLTD,,INE726V01018,25.62,74.38
equity,PRIMESECU,,INE032B01021,21.57,78.43
equity,PRINCEPIPE,,INE689W01016,16.97,83.03
equity,PRITIKAUTO,,INE583R01029,25.75,74.25
equity,PRIVISCL,,INE959A01019,23.79,76.21
equity,PROZONINTU,,INE195N01013,50,50
equity,PRSMJOHNSN,,INE010A01011,19.26,80.74
equity,PRUDENT,,INE00F201020,19.74,80.26
equity,PSB,,INE608A01012,24.16,75.84
equity,PSPPROJECT,,INE488V01015,20.19,79.81
equity,PTL,,INE034D01049,19.64,80.36
equity,PUNJABCHEM,,INE277B01014,19.22,80.78
equity,PURVA,,INE323I01011,24.04,75.96
equity,PVR,,INE191H01014,18.13,81.87
equity,QUESS,,INE615P01015,19.47,80.53
equity,QUICKHEAL,,INE306L01010,19.84,80.16
equity,RADHIKAJWE,,INE583V01013,16.89,83.11
equity,RADICO,,INE944F01028,18.14,81.86
equity,RADIOCITY,,INE919I01024,13.77,86.23
equity,RAILTEL,,INE0DD101019,18.36,81.64
equity,RAIN,,INE855B01025,22.12,77.88
equity,RAINBOW,,INE961O01016,16.91,83.09
equity,RAJESHEXPO,,INE343B01030,19.43,80.57
equity,RAJRATAN,,INE451D01029,26.93,73.07
equity,RALLIS,,INE613A01020,15.79,84.21
equity,RAMAPHO,,INE809A01024,16.89,83.11
equity,RAMASTEEL,,INE230R01035,25.13,74.87
equity,RAMCOCEM,,INE331A01037,16.07,83.93
equity,RAMCOIND,,INE614A01028,17.15,82.85
equity,RAMCOSYS,,INE246B01019,27.47,72.53
equity,RAMKY,,INE874I01013,28.91,71.09
equity,RANASUG,,INE625B01014,50,50
equity,RANEHOLDIN,,INE384A01010,18.63,81.37
equity,RATEGAIN,,INE0CLI01024,21.12,78.88
equity,RATNAMANI,,INE703B01027,16.69,83.31
equity,RAYMOND,,INE301A01014,26.83,73.17
equity,RBA,,INE07T201019,18.87,81.13
equity,RBL,,INE244J01017,18.48,81.52
equity,RBLBANK,,INE976G01028,26.89,73.11
equity,RCF,,INE027A01015,22.85,77.15
equity,RECLTD,,INE020B01018,14.49,85.51
equity,REDINGTON,,INE891D01026,21.25,78.75
equity,REFEX,,INE056I01017,100,0
equity,RELAXO,,INE131B01039,13.23,86.77
equity,RELCHEMQ,,INE750D01016,13.24,86.76
equity,RELIGARE,,INE621H01010,25.54,74.46
equity,RENUKA,,INE087H01022,29.21,70.79
equity,REPL,,INE364Z01019,17.83,82.17
equity,REPRO,,INE461B01014,21.2,78.8
equity,RESPONIND,,INE688D01026,26.81,73.19
equity,REVATHI,,INE617A01013,24.92,75.08
equity,RGL,,INE722H01024,25.79,74.21
equity,RHIM,,INE743M01012,22.44,77.56
equity,RICOAUTO,,INE209B01025,50,50
equity,RIIL,,INE046A01015,26.53,73.47
equity,RITES,,INE320J01015,17.23,82.77
equity,RKFORGE,,INE399G01023,21.12,78.88
equity,RML,,INE050H01012,22.1,77.9
equity,ROLEXRINGS,,INE645S01016,17.41,82.59
equity,ROSSARI,,INE02A801020,15.03,84.97
equity,ROTO,,INE535D01029,13.35,86.65
equity,ROUTE,,INE450U01017,21.78,78.22
equity,RPGLIFE,,INE105J01010,22.86,77.14
equity,RPPINFRA,,INE324L01013,24.44,75.56
equity,RPPL,,INE760W01015,24.46,75.54
equity,RPSGVENT,,INE425Y01011,21.25,78.75
equity,RSSOFTWARE,,INE165B01029,27.25,72.75
equity,RSWM,,INE611A01016,22.68,77.32
equity,RSYSTEMS,,INE411H01032,24.51,75.49
equity,RTNINDIA,,INE834M01019,29.49,70.51
equity,RUCHIRA,,INE803H01014,26.69,73.31
equity,RUPA,,INE895B01021,21.69,78.31
equity,RUSHIL,,INE573K01017,26.49,73.51
equity,RVNL,,INE415G01027,23.34,76.66
equity,SADBHAV,,INE226H01026,100,0
equity,SAFARI,,INE429E01023,20.61,79.39
equity,SAGCEM,,INE229C01021,21.68,78.32
equity,SAIL,,INE114A01011,20.36,79.64
equity,SAKHTISUG,,INE623A01011,50,50
equity,SAKSOFT,,INE667G01023,26.44,73.56
equity,SAKUMA,,INE190H01024,50,50
equity,SALASAR,,INE170V01027,50,50
equity,SALONA,,INE498E01010,30.18,69.82
equity,SALZERELEC,,INE457F01013,25.97,74.03
equity,SANDESH,,INE583B01015,17.21,82.79
equity,SANDHAR,,INE278H01035,15.29,84.71
equity,SANGAMIND,,INE495C01010,25.35,74.65
equity,SANGHVIMOV,,INE989A01024,24.44,75.56
equity,SANOFI,,INE058A01010,12.5,87.5
equity,SANSERA,,INE953O01021,13.89,86.11
equity,SAPPHIRE,,INE806T01012,16.91,83.09
equity,SARDAEN,,INE385C01013,23.33,76.67
equity,SAREGAMA,,INE979A01025,19.66,80.34
equity,SARLAPOLY,,INE453D01025,22.22,77.78
equity,SASKEN,,INE231F01020,20.13,79.87
equity,SASTASUNDR,,INE019J01013,24.07,75.93
equity,SATIA,,INE170E01023,23.19,76.81
equity,SATIN,,INE836B01017,26.33,73.67
equity,SBC,,INE04AK01028,100,0
equity,SBCL,,INE386D01027,26.25,73.75
equity,SCHAEFFLER,,INE513A01022,17.68,82.32
equity,SCHAND,,INE807K01035,24.76,75.24
equity,SCHNEIDER,,INE839M01018,23.31,76.69
equity,SCI,,INE109A01011,20.64,79.36
equity,SEAMECLTD,,INE497B01018,25.72,74.28
equity,SECURCRED,,INE195Y01010,100,0
equity,SELAN,,INE818A01017,26.4,73.6
equity,SEPC,,INE964H01014,30.09,69.91
equity,SEQUENT,,INE807F01027,24.83,75.17
equity,SESHAPAPER,,INE630A01024,22.49,77.51
equity,SFL,,INE916U01025,15.75,84.25
equity,SHAILY,,INE151G01010,15.87,84.13
equity,SHAKTIPUMP,,INE908D01010,22.68,77.32
equity,SHALBY,,INE597J01018,20.11,79.89
equity,SHALPAINTS,,INE849C01026,21.1,78.9
equity,SHANKARA,,INE274V01019,21.57,78.43
equity,SHANTIGEAR,,INE631A01022,24.22,75.78
equity,SHARDACROP,,INE221J01015,25.85,74.15
equity,SHARDAMOTR,,INE597I01028,22.87,77.13
equity,SHAREINDIA,,INE932X01018,20.01,79.99
equity,SHILPAMED,,INE790G01031,20.5,79.5
equity,SHIVALIK,,INE788J01021,17.34,82.66
equity,SHIVAMAUTO,,INE637H01024,24.7,75.3
equity,SHIVAMILLS,,INE644Y01017,28.43,71.57
equity,SHIVATEX,,INE705C01020,26.18,73.82
equity,SHK,,INE500L01026,18.16,81.84
equity,SHREDIGCEM,,INE232A01011,19.09,80.91
equity,SHREEPUSHK,,INE712K01011,23.86,76.14
equity,SHREYANIND,,INE231C01019,25.42,74.58
equity,SHREYAS,,INE757B01015,27.67,72.33
equity,SHRIRAMPPS,,INE217L01019,18.2,81.8
equity,SHYAMCENT,,INE979R01011,26.76,73.24
equity,SHYAMMETL,,INE810G01011,14.8,85.2
equity,SIGACHI,,INE0D0K01014,16.49,83.51
equity,SIRCA,,INE792Z01011,22.56,77.44
equity,SIS,,INE285J01028,14.94,85.06
equity,SIYSIL,,INE076B01028,24.09,75.91
equity,SJS,,INE284S01014,17.65,82.35
equity,SJVN,,INE002L01015,16.13,83.87
equity,SKFINDIA,,INE640A01023,15.87,84.13
equity,SKIPPER,,INE439E01022,28.07,71.93
equity,SMARTLINK,,INE178C01020,25.89,74.11
equity,SMCGLOBAL,,INE103C01036,14.38,85.62
equity,SMLISUZU,,INE294B01019,22.45,77.55
equity,SMLT,,INE017W01010,23.7,76.3
equity,SMSLIFE,,INE320X01016,21.08,78.92
equity,SMSPHARMA,,INE812G01025,22.34,77.66
equity,SNOWMAN,,INE734N01019,22.47,77.53
equity,SOBHA,,INE671H01015,21.94,78.06
equity,SOLARA,,INE624Z01016,26.08,73.92
equity,SOLARINDS,,INE343H01029,17.77,82.23
equity,SOMANYCERA,,INE355A01028,18.3,81.7
equity,SONACOMS,,INE073K01018,18.35,81.65
equity,SONATSOFTW,,INE269A01021,17.73,82.27
equity,SOTL,,INE035D01020,19.73,80.27
equity,SOUTHBANK,,INE683A01023,100,0
equity,SOUTHWEST,,INE980Y01015,22.88,77.12
equity,SPAL,,INE212I01016,24.44,75.56
equity,SPARC,,INE232I01014,22.6,77.4
equity,SPENCERS,,INE020801028,21.36,78.64
equity,SPIC,,INE147A01011,27.87,72.13
equity,SPICEJET,,INE285B01017,21.05,78.95
equity,SPLIL,,INE978G01016,30.66,69.34
equity,SPLPETRO,,INE663A01025,12.82,87.18
equity,SPORTKING,,INE885H01011,15.39,84.61
equity,SREEL,,INE099F01013,21.68,78.32
equity,SRTRANSFIN,,INE721A01013,19.61,80.39
equity,SSWL,,INE802C01033,18.86,81.14
equity,STAR,,INE939A01011,21.47,78.53
equity,STARCEMENT,,INE460H01021,16.29,83.71
equity,STARHEALTH,,INE575P01011,16.57,83.43
equity,STARPAPER,,INE733A01018,20.52,79.48
equity,STCINDIA,,INE655A01013,26.96,73.04
equity,STEELCAS,,INE124E01020,20.14,79.86
equity,STEELCITY,,INE395H01011,21.09,78.91
equity,STEL,,INE577L01016,24.68,75.32
equity,STERTOOLS,,INE334A01023,24.88,75.12
equity,STLTECH,,INE089C01029,22.36,77.64
equity,STOVEKRAFT,,INE00IN01015,18.85,81.15
equity,STYLAMIND,,INE239C01020,19.27,80.73
equity,SUBEXLTD,,INE754A01055,28.64,71.36
equity,SUBROS,,INE287B01021,18.78,81.22
equity,SUDARSCHEM,,INE659A01023,18.21,81.79
equity,SUKHJITS,,INE450E01011,12.5,87.5
equity,SUMICHEM,,INE258G01013,16.55,83.45
equity,SUMMITSEC,,INE519C01017,20.06,79.94
equity,SUNCLAYLTD,,INE105A01035,16.13,83.87
equity,SUNDARMFIN,,INE660A01013,15.25,84.75
equity,SUNDARMHLD,,INE202Z01029,18.17,81.83
equity,SUNDRMFAST,,INE387A01021,15.73,84.27
equity,SUNFLAG,,INE947A01014,25.95,74.05
equity,SUNTECK,,INE805D01034,19.29,80.71
equity,SUNTV,,INE424H01027,16.81,83.19
equity,SUPERHOUSE,,INE712B01010,27.14,72.86
equity,SUPRAJIT,,INE399C01030,18.45,81.55
equity,SUPREMEIND,,INE195A01028,16.12,83.88
equity,SUPRIYA,,INE07RO01027,19.17,80.83
equity,SURYAROSNI,,INE335A01012,23.89,76.11
equity,SURYODAY,,INE428Q01011,22.59,77.41
equity,SUTLEJTEX,,INE645H01027,23.44,76.56
equity,SUVEN,,INE495B01038,23.62,76.38
equity,SUVENPHAR,,INE03QK01018,17.51,82.49
equity,SUZLON,,INE040H01021,31.58,68.42
equity,SVPGLOB,,INE308E01029,25.78,74.22
equity,SWANENERGY,,INE665A01038,25.09,74.91
equity,SWARAJENG,,INE277A01016,14.44,85.56
equity,SWELECTES,,INE409B01013,25.3,74.7
equity,SWSOLAR,,INE00M201021,21,79
equity,SYMPHONY,,INE225D01027,14.76,85.24
equity,SYNGENE,,INE398R01022,15.1,84.9
equity,SYRMA,,INE0DYJ01015,12.5,87.5
equity,TAJGVK,,INE586B01026,19.5,80.5
equity,TAKE,,INE142I01023,24.02,75.98
equity,TALBROAUTO,,INE187D01011,24.19,75.81
equity,TANLA,,INE483C01032,27.22,72.78
equity,TARC,,INE0EK901012,22.06,77.94
equity,TARSONS,,INE144Z01023,17.89,82.11
equity,TASTYBITE,,INE488B01017,18.28,81.72
equity,TATACHEM,,INE092A01019,18.17,81.83
equity,TATACOFFEE,,INE493A01027,16.21,83.79
equity,TATACOMM,,INE151A01013,17.59,82.41
equity,TATAELXSI,,INE670A01012,20.37,79.63
equity,TATAMETALI,,INE056C01010,17.46,82.54
equity,TATAMTRDVR,,IN9155A01020,22.6,77.4
equity,TATASTLLP,,INE674A01014,19.38,80.62
equity,TATVA,,INE0GK401011,15.35,84.65
equity,TBZ,,INE760L01018,20.45,79.55
equity,TCI,,INE688A01022,22.16,77.84
equity,TCIEXP,,INE586V01016,19.16,80.84
equity,TCNSBRANDS,,INE778U01029,21.32,78.68
equity,TDPOWERSYS,,INE419M01027,25.03,74.97
equity,TEAMLEASE,,INE985S01024,18.62,81.38
equity,TECHNOE,,INE285K01026,18.44,81.56
equity,TEGA,,INE011K01018,15.35,84.65
equity,TEJASNET,,INE010J01012,24.18,75.82
equity,TEXINFRA,,INE435C01024,19.46,80.54
equity,TEXMOPIPES,,INE141K01013,24.08,75.92
equity,TEXRAIL,,INE621L01012,26.03,73.97
equity,TFCILTD,,INE305A01015,24,76
equity,THANGAMAYL,,INE085J01014,19.83,80.17
equity,THEMISMED,,INE083B01016,50,50
equity,THERMAX,,INE152A01029,18.18,81.82
equity,THOMASCOOK,,INE332A01027,21.91,78.09
equity,THYROCARE,,INE594H01019,19.64,80.36
equity,TI,,INE133E01013,35,65
equity,TIDEWATER,,INE484C01030,17.51,82.49
equity,TIIL,,INE545H01011,24.75,75.25
equity,TIINDIA,,INE974X01010,20.79,79.21
equity,TIMETECHNO,,INE508G01029,23.3,76.7
equity,TIMKEN,,INE325A01013,21.22,78.78
equity,TINPLATE,,INE422C01014,20.8,79.2
equity,TIPSINDLTD,,INE716B01011,22.05,77.95
equity,TIRUMALCHM,,INE338A01024,24.06,75.94
equity,TMB,,INE668A01016,12.5,87.5
equity,TNPETRO,,INE148A01019,21.18,78.82
equity,TNPL,,INE107A01015,21.05,78.95
equity,TOKYOPLAST,,INE932C01012,24.04,75.96
equity,TORNTPOWER,,INE813H01021,15.35,84.65
equity,TPLPLASTEH,,INE413G01022,29.47,70.53
equity,TRACXN,,INE0HMF01019,15.95,84.05
equity,TREJHARA,,INE00CA01015,28.54,71.46
equity,TRENT,,INE849A01020,17.12,82.88
equity,TRIDENT,,INE064C01022,21.17,78.83
equity,TRIGYN,,INE948A01012,25.76,74.24
equity,TRITURBINE,,INE152M01016,22.91,77.09
equity,TRIVENI,,INE256C01024,26.26,73.74
equity,TRU,,INE615R01029,25.8,74.2
equity,TTKHLTCARE,,INE910C01018,21.39,78.61
equity,TTKPRESTIG,,INE690A01028,16.82,83.18
equity,TTL,,INE592B01016,24.84,75.16
equity,TV18BRDCST,,INE886H01027,26.57,73.43
equity,TVSELECT,,INE236G01019,25.13,74.87
equity,TVSMOTOR,,INE494B01023,15.92,84.08
equity,TVSSRICHAK,,INE421C01016,19.56,80.44
equity,TVTODAY,,INE038F01029,19.57,80.43
equity,UBL,,INE686F01025,13.79,86.21
equity,UCALFUEL,,INE139B01016,20.19,79.81
equity,UCOBANK,,INE691A01018,23.34,76.66
equity,UDAICEMENT,,INE225C01029,16.33,83.67
equity,UFLEX,,INE516A01017,18.45,81.55
equity,UFO,,INE527H01019,20.77,79.23
equity,UGARSUGAR,,INE071E01023,50,50
equity,UGROCAP,,INE583D01011,18.82,81.18
equity,UJJIVANSFB,,INE551W01018,22.15,77.85
equity,UMAEXPORTS,,INE0GIU01018,18.44,81.56
equity,UNICHEMLAB,,INE351A01035,24.43,75.57
equity,UNIDT,,INE961D01019,24.99,75.01
equity,UNIONBANK,,INE692A01016,21.92,78.08
equity,UNIVASTU,,INE562X01013,32.04,67.96
equity,UNIVCABLES,,INE279A01012,22.95,77.05
equity,UNOMINDA,,INE405E01023,18.81,81.19
equity,URJA,,INE550C01020,25.87,74.13
equity,USHAMART,,INE228A01035,25.47,74.53
equity,UTIAMC,,INE094J01016,19.41,80.59
equity,UTTAMSUGAR,,INE786F01031,28.83,71.17
equity,V2RETAIL,,INE945H01013,23.1,76.9
equity,VAIBHAVGBL,,INE884A01027,21.19,78.81
equity,VAISHALI,,INE972X01014,27.94,72.06
equity,VAKRANGEE,,INE051B01021,27.44,72.56
equity,VALIANTORG,,INE565V01010,23.54,76.46
equity,VARDHACRLC,,INE116G01013,21.99,78.01
equity,VARROC,,INE665L01035,22.88,77.12
equity,VASCONEQ,,INE893I01013,27.46,72.54
equity,VBL,,INE200M01013,19.88,80.12
equity,VENKEYS,,INE398A01010,20.42,79.58
equity,VENUSREM,,INE411B01019,25.83,74.17
equity,VERANDA,,INE0IQ001011,18.95,81.05
equity,VESUVIUS,,INE386A01015,18.19,81.81
equity,VETO,,INE918N01018,23.79,76.21
equity,VGUARD,,INE951I01027,15.27,84.73
equity,VHL,,INE701A01023,21.63,78.37
equity,VIDHIING,,INE632C01026,21.25,78.75
equity,VIJAYA,,INE043W01024,20.34,79.66
equity,VIKASECO,,INE806A01020,28.79,71.21
equity,VIMTALABS,,INE579C01029,23.62,76.38
equity,VINATIORGA,,INE410B01037,16.28,83.72
equity,VINDHYATEL,,INE707A01012,20.29,79.71
equity,VIPIND,,INE054A01027,18.91,81.09
equity,VISAKAIND,,INE392A01013,19.3,80.7
equity,VISHAL,,INE755Q01025,22.18,77.82
equity,VISHNU,,INE270I01014,35,65
equity,VISHWARAJ,,INE430N01022,21.66,78.34
equity,VLSFINANCE,,INE709A01018,20.91,79.09
equity,VMART,,INE665J01013,17.38,82.62
equity,VOLTAMP,,INE540H01012,20.49,79.51
equity,VOLTAS,,INE226A01021,15.38,84.62
equity,VRLLOG,,INE366I01010,21.91,78.09
equity,VSSL,,INE050M01012,21.14,78.86
equity,VSTIND,,INE710A01016,12.5,87.5
equity,VSTTILLERS,,INE764D01017,17.8,82.2
equity,VTL,,INE825A01020,21.45,78.55
equity,WABAG,,INE956G01038,20.99,79.01
equity,WATERBASE,,INE054C01015,17.87,82.13
equity,WELCORP,,INE191B01025,23.77,76.23
equity,WELENT,,INE625G01013,22.54,77.46
equity,WELSPUNIND,,INE192B01031,22.23,77.77
equity,WENDT,,INE274C01019,18.73,81.27
equity,WESTLIFE,,INE274F01020,16.88,83.12
equity,WHEELS,,INE715A01015,18.24,81.76
equity,WHIRLPOOL,,INE716A01013,13.83,86.17
equity,WINDLAS,,INE0H5O01029,15.25,84.75
equity,WINDMACHIN,,INE052A01021,28.4,71.6
equity,WOCKPHARMA,,INE049B01025,21.8,78.2
equity,WONDERLA,,INE066O01014,22.49,77.51
equity,WORTH,,INE196Y01018,24.19,75.81
equity,WSTCSTPAPR,,INE976A01021,22.94,77.06
equity,XCHANGING,,INE692G01013,23.31,76.69
equity,YESBANK,,INE528G01035,25.21,74.79
equity,YUKEN,,INE384C01016,16.54,83.46
equity,ZEEL,,INE256A01028,23.12,76.88
equity,ZENSARTECH,,INE520A01027,19.66,80.34
equity,ZENTEC,,INE251B01027,22.42,77.58
equity,ZFCVINDIA,,INE342J01019,14.13,85.87
equity,ZODIACLOTH,,INE206B01013,20.66,79.34
equity,ZOTA,,INE358U01012,21.6,78.4
equity,ZUARI,,INE840M01016,26.32,73.68
equity,ZUARIIND,,INE217A01012,24.35,75.65
equity,ZYDUSLIFE,,INE010B01027,14.36,85.64
equity,ZYDUSWELL,,INE768C01010,13.02,86.98
